Team_A,Team_B,Team A Win
Connecticut,Stetson,1
Connecticut,FL Atlantic,1
Connecticut,Northwestern,1
Connecticut,San Diego St,1
Connecticut,UAB,1
Connecticut,Auburn,1
Connecticut,Yale,1
Connecticut,BYU,1
Connecticut,Duquesne,1
Connecticut,Illinois,1
Connecticut,Morehead St,1
Connecticut,Washington St,1
Connecticut,Drake,1
Connecticut,Iowa St,1
Connecticut,S Dakota St,1
Connecticut,North Carolina,1
Connecticut,Howard,1
Connecticut,Wagner,1
Connecticut,Mississippi St,1
Connecticut,Michigan St,1
Connecticut,St Mary's CA,1
Connecticut,Grand Canyon,0
Connecticut,Alabama,1
Connecticut,Col Charleston,1
Connecticut,Clemson,1
Connecticut,New Mexico,1
Connecticut,Baylor,1
Connecticut,Colgate,1
Connecticut,Dayton,1
Connecticut,Nevada,1
Connecticut,Arizona,1
Connecticut,Long Beach St,1
Connecticut,Houston,1
Connecticut,Longwood,1
Connecticut,Nebraska,1
Connecticut,Texas A&M,1
Connecticut,Wisconsin,1
Connecticut,James Madison,1
Connecticut,Duke,1
Connecticut,Vermont,1
Connecticut,Texas Tech,1
Connecticut,NC State,1
Connecticut,Kentucky,1
Connecticut,Oakland,1
Connecticut,Florida,1
Connecticut,Boise St,1
Connecticut,Colorado,1
Connecticut,Marquette,1
Connecticut,Kentucky,1
Connecticut,Purdue,1
Connecticut,Montana St,1
Connecticut,Grambling,1
Connecticut,Utah St,1
Connecticut,TCU,1
Connecticut,Gonzaga,1
Connecticut,McNeese St,1
Connecticut,Kansas,1
Connecticut,Samford,1
Connecticut,South Carolina,1
Connecticut,Oregon,1
Connecticut,Creighton,1
Connecticut,Akron,1
Connecticut,Texas,1
Connecticut,Virginia,1
Connecticut,Colorado St,1
Connecticut,Tennessee,1
Connecticut,St Peter's,1
Stetson,Connecticut,1
Stetson,FL Atlantic,1
Stetson,Northwestern,1
Stetson,San Diego St,1
Stetson,UAB,1
Stetson,Auburn,1
Stetson,Yale,1
Stetson,BYU,1
Stetson,Duquesne,1
Stetson,Illinois,1
Stetson,Morehead St,1
Stetson,Washington St,1
Stetson,Drake,1
Stetson,Iowa St,1
Stetson,S Dakota St,1
Stetson,North Carolina,1
Stetson,Howard,1
Stetson,Wagner,1
Stetson,Mississippi St,1
Stetson,Michigan St,1
Stetson,St Mary's CA,1
Stetson,Grand Canyon,1
Stetson,Alabama,1
Stetson,Col Charleston,1
Stetson,Clemson,1
Stetson,New Mexico,1
Stetson,Baylor,1
Stetson,Colgate,1
Stetson,Dayton,1
Stetson,Nevada,1
Stetson,Arizona,1
Stetson,Long Beach St,1
Stetson,Houston,1
Stetson,Longwood,1
Stetson,Nebraska,1
Stetson,Texas A&M,1
Stetson,Wisconsin,1
Stetson,James Madison,1
Stetson,Duke,1
Stetson,Vermont,1
Stetson,Texas Tech,1
Stetson,NC State,1
Stetson,Kentucky,1
Stetson,Oakland,1
Stetson,Florida,1
Stetson,Boise St,1
Stetson,Colorado,1
Stetson,Marquette,1
Stetson,Kentucky,1
Stetson,Purdue,1
Stetson,Montana St,1
Stetson,Grambling,1
Stetson,Utah St,1
Stetson,TCU,1
Stetson,Gonzaga,1
Stetson,McNeese St,1
Stetson,Kansas,1
Stetson,Samford,1
Stetson,South Carolina,1
Stetson,Oregon,1
Stetson,Creighton,1
Stetson,Akron,1
Stetson,Texas,1
Stetson,Virginia,1
Stetson,Colorado St,1
Stetson,Tennessee,1
Stetson,St Peter's,1
FL Atlantic,Connecticut,1
FL Atlantic,Stetson,1
FL Atlantic,Northwestern,1
FL Atlantic,San Diego St,1
FL Atlantic,UAB,1
FL Atlantic,Auburn,1
FL Atlantic,Yale,1
FL Atlantic,BYU,1
FL Atlantic,Duquesne,1
FL Atlantic,Illinois,1
FL Atlantic,Morehead St,1
FL Atlantic,Washington St,1
FL Atlantic,Drake,1
FL Atlantic,Iowa St,1
FL Atlantic,S Dakota St,1
FL Atlantic,North Carolina,1
FL Atlantic,Howard,1
FL Atlantic,Wagner,1
FL Atlantic,Mississippi St,1
FL Atlantic,Michigan St,1
FL Atlantic,St Mary's CA,1
FL Atlantic,Grand Canyon,1
FL Atlantic,Alabama,1
FL Atlantic,Col Charleston,1
FL Atlantic,Clemson,1
FL Atlantic,New Mexico,1
FL Atlantic,Baylor,1
FL Atlantic,Colgate,1
FL Atlantic,Dayton,1
FL Atlantic,Nevada,1
FL Atlantic,Arizona,1
FL Atlantic,Long Beach St,1
FL Atlantic,Houston,1
FL Atlantic,Longwood,1
FL Atlantic,Nebraska,1
FL Atlantic,Texas A&M,1
FL Atlantic,Wisconsin,1
FL Atlantic,James Madison,1
FL Atlantic,Duke,1
FL Atlantic,Vermont,1
FL Atlantic,Texas Tech,1
FL Atlantic,NC State,1
FL Atlantic,Kentucky,1
FL Atlantic,Oakland,1
FL Atlantic,Florida,1
FL Atlantic,Boise St,1
FL Atlantic,Colorado,1
FL Atlantic,Marquette,1
FL Atlantic,Kentucky,1
FL Atlantic,Purdue,1
FL Atlantic,Montana St,1
FL Atlantic,Grambling,1
FL Atlantic,Utah St,1
FL Atlantic,TCU,1
FL Atlantic,Gonzaga,1
FL Atlantic,McNeese St,1
FL Atlantic,Kansas,1
FL Atlantic,Samford,1
FL Atlantic,South Carolina,1
FL Atlantic,Oregon,1
FL Atlantic,Creighton,1
FL Atlantic,Akron,1
FL Atlantic,Texas,1
FL Atlantic,Virginia,1
FL Atlantic,Colorado St,1
FL Atlantic,Tennessee,1
FL Atlantic,St Peter's,1
Northwestern,Connecticut,0
Northwestern,Stetson,0
Northwestern,FL Atlantic,0
Northwestern,San Diego St,0
Northwestern,UAB,0
Northwestern,Auburn,0
Northwestern,Yale,0
Northwestern,BYU,0
Northwestern,Duquesne,0
Northwestern,Illinois,0
Northwestern,Morehead St,0
Northwestern,Washington St,0
Northwestern,Drake,0
Northwestern,Iowa St,0
Northwestern,S Dakota St,0
Northwestern,North Carolina,0
Northwestern,Howard,0
Northwestern,Wagner,0
Northwestern,Mississippi St,0
Northwestern,Michigan St,0
Northwestern,St Mary's CA,0
Northwestern,Grand Canyon,0
Northwestern,Alabama,0
Northwestern,Col Charleston,0
Northwestern,Clemson,0
Northwestern,New Mexico,0
Northwestern,Baylor,0
Northwestern,Colgate,0
Northwestern,Dayton,0
Northwestern,Nevada,0
Northwestern,Arizona,0
Northwestern,Long Beach St,0
Northwestern,Houston,0
Northwestern,Longwood,0
Northwestern,Nebraska,0
Northwestern,Texas A&M,0
Northwestern,Wisconsin,0
Northwestern,James Madison,0
Northwestern,Duke,0
Northwestern,Vermont,0
Northwestern,Texas Tech,0
Northwestern,NC State,0
Northwestern,Kentucky,0
Northwestern,Oakland,0
Northwestern,Florida,0
Northwestern,Boise St,0
Northwestern,Colorado,0
Northwestern,Marquette,0
Northwestern,Kentucky,0
Northwestern,Purdue,0
Northwestern,Montana St,0
Northwestern,Grambling,0
Northwestern,Utah St,0
Northwestern,TCU,0
Northwestern,Gonzaga,0
Northwestern,McNeese St,0
Northwestern,Kansas,0
Northwestern,Samford,0
Northwestern,South Carolina,0
Northwestern,Oregon,0
Northwestern,Creighton,0
Northwestern,Akron,0
Northwestern,Texas,0
Northwestern,Virginia,0
Northwestern,Colorado St,0
Northwestern,Tennessee,0
Northwestern,St Peter's,0
San Diego St,Connecticut,1
San Diego St,Stetson,1
San Diego St,FL Atlantic,0
San Diego St,Northwestern,0
San Diego St,UAB,0
San Diego St,Auburn,0
San Diego St,Yale,0
San Diego St,BYU,0
San Diego St,Duquesne,0
San Diego St,Illinois,1
San Diego St,Morehead St,1
San Diego St,Washington St,1
San Diego St,Drake,0
San Diego St,Iowa St,1
San Diego St,S Dakota St,0
San Diego St,North Carolina,1
San Diego St,Howard,1
San Diego St,Wagner,0
San Diego St,Mississippi St,0
San Diego St,Michigan St,1
San Diego St,St Mary's CA,0
San Diego St,Grand Canyon,0
San Diego St,Alabama,0
San Diego St,Col Charleston,1
San Diego St,Clemson,1
San Diego St,New Mexico,0
San Diego St,Baylor,0
San Diego St,Colgate,1
San Diego St,Dayton,1
San Diego St,Nevada,1
San Diego St,Arizona,1
San Diego St,Long Beach St,0
San Diego St,Houston,0
San Diego St,Longwood,0
San Diego St,Nebraska,0
San Diego St,Texas A&M,0
San Diego St,Wisconsin,1
San Diego St,James Madison,0
San Diego St,Duke,0
San Diego St,Vermont,0
San Diego St,Texas Tech,0
San Diego St,NC State,1
San Diego St,Kentucky,1
San Diego St,Oakland,1
San Diego St,Florida,0
San Diego St,Boise St,0
San Diego St,Colorado,1
San Diego St,Marquette,1
San Diego St,Kentucky,1
San Diego St,Purdue,1
San Diego St,Montana St,1
San Diego St,Grambling,0
San Diego St,Utah St,0
San Diego St,TCU,0
San Diego St,Gonzaga,1
San Diego St,McNeese St,1
San Diego St,Kansas,0
San Diego St,Samford,0
San Diego St,South Carolina,0
San Diego St,Oregon,1
San Diego St,Creighton,1
San Diego St,Akron,0
San Diego St,Texas,1
San Diego St,Virginia,0
San Diego St,Colorado St,0
San Diego St,Tennessee,1
San Diego St,St Peter's,0
UAB,Connecticut,1
UAB,Stetson,1
UAB,FL Atlantic,0
UAB,Northwestern,0
UAB,San Diego St,0
UAB,Auburn,0
UAB,Yale,0
UAB,BYU,0
UAB,Duquesne,0
UAB,Illinois,1
UAB,Morehead St,1
UAB,Washington St,1
UAB,Drake,0
UAB,Iowa St,1
UAB,S Dakota St,0
UAB,North Carolina,1
UAB,Howard,1
UAB,Wagner,0
UAB,Mississippi St,1
UAB,Michigan St,1
UAB,St Mary's CA,0
UAB,Grand Canyon,0
UAB,Alabama,0
UAB,Col Charleston,1
UAB,Clemson,1
UAB,New Mexico,0
UAB,Baylor,0
UAB,Colgate,1
UAB,Dayton,1
UAB,Nevada,1
UAB,Arizona,1
UAB,Long Beach St,0
UAB,Houston,0
UAB,Longwood,0
UAB,Nebraska,0
UAB,Texas A&M,0
UAB,Wisconsin,1
UAB,James Madison,0
UAB,Duke,0
UAB,Vermont,0
UAB,Texas Tech,0
UAB,NC State,1
UAB,Kentucky,1
UAB,Oakland,1
UAB,Florida,0
UAB,Boise St,0
UAB,Colorado,1
UAB,Marquette,1
UAB,Kentucky,1
UAB,Purdue,1
UAB,Montana St,1
UAB,Grambling,0
UAB,Utah St,0
UAB,TCU,0
UAB,Gonzaga,1
UAB,McNeese St,1
UAB,Kansas,0
UAB,Samford,0
UAB,South Carolina,0
UAB,Oregon,1
UAB,Creighton,1
UAB,Akron,0
UAB,Texas,1
UAB,Virginia,0
UAB,Colorado St,0
UAB,Tennessee,1
UAB,St Peter's,0
Auburn,Connecticut,1
Auburn,Stetson,1
Auburn,FL Atlantic,0
Auburn,Northwestern,0
Auburn,San Diego St,0
Auburn,UAB,0
Auburn,Yale,0
Auburn,BYU,1
Auburn,Duquesne,1
Auburn,Illinois,1
Auburn,Morehead St,1
Auburn,Washington St,1
Auburn,Drake,1
Auburn,Iowa St,1
Auburn,S Dakota St,0
Auburn,North Carolina,1
Auburn,Howard,1
Auburn,Wagner,0
Auburn,Mississippi St,1
Auburn,Michigan St,1
Auburn,St Mary's CA,0
Auburn,Grand Canyon,0
Auburn,Alabama,0
Auburn,Col Charleston,1
Auburn,Clemson,1
Auburn,New Mexico,0
Auburn,Baylor,0
Auburn,Colgate,1
Auburn,Dayton,1
Auburn,Nevada,1
Auburn,Arizona,1
Auburn,Long Beach St,0
Auburn,Houston,0
Auburn,Longwood,0
Auburn,Nebraska,0
Auburn,Texas A&M,0
Auburn,Wisconsin,1
Auburn,James Madison,0
Auburn,Duke,0
Auburn,Vermont,0
Auburn,Texas Tech,0
Auburn,NC State,1
Auburn,Kentucky,1
Auburn,Oakland,1
Auburn,Florida,1
Auburn,Boise St,0
Auburn,Colorado,1
Auburn,Marquette,1
Auburn,Kentucky,1
Auburn,Purdue,1
Auburn,Montana St,1
Auburn,Grambling,0
Auburn,Utah St,0
Auburn,TCU,0
Auburn,Gonzaga,1
Auburn,McNeese St,1
Auburn,Kansas,1
Auburn,Samford,0
Auburn,South Carolina,0
Auburn,Oregon,1
Auburn,Creighton,1
Auburn,Akron,0
Auburn,Texas,1
Auburn,Virginia,0
Auburn,Colorado St,0
Auburn,Tennessee,1
Auburn,St Peter's,0
Yale,Connecticut,1
Yale,Stetson,1
Yale,FL Atlantic,1
Yale,Northwestern,1
Yale,San Diego St,1
Yale,UAB,1
Yale,Auburn,1
Yale,BYU,1
Yale,Duquesne,1
Yale,Illinois,1
Yale,Morehead St,1
Yale,Washington St,1
Yale,Drake,1
Yale,Iowa St,1
Yale,S Dakota St,1
Yale,North Carolina,1
Yale,Howard,1
Yale,Wagner,1
Yale,Mississippi St,1
Yale,Michigan St,1
Yale,St Mary's CA,1
Yale,Grand Canyon,1
Yale,Alabama,1
Yale,Col Charleston,1
Yale,Clemson,1
Yale,New Mexico,1
Yale,Baylor,1
Yale,Colgate,1
Yale,Dayton,1
Yale,Nevada,1
Yale,Arizona,1
Yale,Long Beach St,1
Yale,Houston,1
Yale,Longwood,1
Yale,Nebraska,1
Yale,Texas A&M,1
Yale,Wisconsin,1
Yale,James Madison,1
Yale,Duke,1
Yale,Vermont,1
Yale,Texas Tech,1
Yale,NC State,1
Yale,Kentucky,1
Yale,Oakland,1
Yale,Florida,1
Yale,Boise St,1
Yale,Colorado,1
Yale,Marquette,1
Yale,Kentucky,1
Yale,Purdue,1
Yale,Montana St,1
Yale,Grambling,1
Yale,Utah St,1
Yale,TCU,1
Yale,Gonzaga,1
Yale,McNeese St,1
Yale,Kansas,1
Yale,Samford,1
Yale,South Carolina,1
Yale,Oregon,1
Yale,Creighton,1
Yale,Akron,1
Yale,Texas,1
Yale,Virginia,1
Yale,Colorado St,1
Yale,Tennessee,1
Yale,St Peter's,1
BYU,Connecticut,1
BYU,Stetson,1
BYU,FL Atlantic,1
BYU,Northwestern,1
BYU,San Diego St,1
BYU,UAB,1
BYU,Auburn,1
BYU,Yale,1
BYU,Duquesne,1
BYU,Illinois,1
BYU,Morehead St,1
BYU,Washington St,1
BYU,Drake,1
BYU,Iowa St,1
BYU,S Dakota St,1
BYU,North Carolina,1
BYU,Howard,1
BYU,Wagner,1
BYU,Mississippi St,1
BYU,Michigan St,1
BYU,St Mary's CA,1
BYU,Grand Canyon,0
BYU,Alabama,1
BYU,Col Charleston,1
BYU,Clemson,1
BYU,New Mexico,1
BYU,Baylor,1
BYU,Colgate,1
BYU,Dayton,1
BYU,Nevada,1
BYU,Arizona,1
BYU,Long Beach St,1
BYU,Houston,1
BYU,Longwood,0
BYU,Nebraska,1
BYU,Texas A&M,1
BYU,Wisconsin,1
BYU,James Madison,1
BYU,Duke,1
BYU,Vermont,1
BYU,Texas Tech,1
BYU,NC State,1
BYU,Kentucky,1
BYU,Oakland,1
BYU,Florida,1
BYU,Boise St,1
BYU,Colorado,1
BYU,Marquette,1
BYU,Kentucky,1
BYU,Purdue,1
BYU,Montana St,1
BYU,Grambling,1
BYU,Utah St,1
BYU,TCU,1
BYU,Gonzaga,1
BYU,McNeese St,1
BYU,Kansas,1
BYU,Samford,1
BYU,South Carolina,1
BYU,Oregon,1
BYU,Creighton,1
BYU,Akron,1
BYU,Texas,1
BYU,Virginia,1
BYU,Colorado St,1
BYU,Tennessee,1
BYU,St Peter's,1
Duquesne,Connecticut,1
Duquesne,Stetson,1
Duquesne,FL Atlantic,0
Duquesne,Northwestern,1
Duquesne,San Diego St,0
Duquesne,UAB,1
Duquesne,Auburn,0
Duquesne,Yale,0
Duquesne,BYU,1
Duquesne,Illinois,1
Duquesne,Morehead St,1
Duquesne,Washington St,1
Duquesne,Drake,1
Duquesne,Iowa St,1
Duquesne,S Dakota St,1
Duquesne,North Carolina,1
Duquesne,Howard,1
Duquesne,Wagner,1
Duquesne,Mississippi St,1
Duquesne,Michigan St,1
Duquesne,St Mary's CA,0
Duquesne,Grand Canyon,0
Duquesne,Alabama,1
Duquesne,Col Charleston,1
Duquesne,Clemson,1
Duquesne,New Mexico,0
Duquesne,Baylor,1
Duquesne,Colgate,1
Duquesne,Dayton,1
Duquesne,Nevada,1
Duquesne,Arizona,1
Duquesne,Long Beach St,1
Duquesne,Houston,0
Duquesne,Longwood,0
Duquesne,Nebraska,1
Duquesne,Texas A&M,0
Duquesne,Wisconsin,1
Duquesne,James Madison,0
Duquesne,Duke,1
Duquesne,Vermont,0
Duquesne,Texas Tech,1
Duquesne,NC State,1
Duquesne,Kentucky,1
Duquesne,Oakland,1
Duquesne,Florida,1
Duquesne,Boise St,1
Duquesne,Colorado,1
Duquesne,Marquette,1
Duquesne,Kentucky,1
Duquesne,Purdue,1
Duquesne,Montana St,1
Duquesne,Grambling,0
Duquesne,Utah St,0
Duquesne,TCU,1
Duquesne,Gonzaga,1
Duquesne,McNeese St,1
Duquesne,Kansas,1
Duquesne,Samford,0
Duquesne,South Carolina,1
Duquesne,Oregon,1
Duquesne,Creighton,1
Duquesne,Akron,1
Duquesne,Texas,1
Duquesne,Virginia,0
Duquesne,Colorado St,1
Duquesne,Tennessee,1
Duquesne,St Peter's,1
Illinois,Connecticut,1
Illinois,Stetson,1
Illinois,FL Atlantic,0
Illinois,Northwestern,1
Illinois,San Diego St,1
Illinois,UAB,1
Illinois,Auburn,1
Illinois,Yale,0
Illinois,BYU,1
Illinois,Duquesne,1
Illinois,Morehead St,1
Illinois,Washington St,1
Illinois,Drake,1
Illinois,Iowa St,1
Illinois,S Dakota St,1
Illinois,North Carolina,1
Illinois,Howard,1
Illinois,Wagner,1
Illinois,Mississippi St,1
Illinois,Michigan St,1
Illinois,St Mary's CA,0
Illinois,Grand Canyon,0
Illinois,Alabama,1
Illinois,Col Charleston,1
Illinois,Clemson,1
Illinois,New Mexico,1
Illinois,Baylor,1
Illinois,Colgate,1
Illinois,Dayton,1
Illinois,Nevada,1
Illinois,Arizona,1
Illinois,Long Beach St,1
Illinois,Houston,1
Illinois,Longwood,0
Illinois,Nebraska,1
Illinois,Texas A&M,0
Illinois,Wisconsin,1
Illinois,James Madison,1
Illinois,Duke,1
Illinois,Vermont,0
Illinois,Texas Tech,1
Illinois,NC State,1
Illinois,Kentucky,1
Illinois,Oakland,1
Illinois,Florida,1
Illinois,Boise St,1
Illinois,Colorado,1
Illinois,Marquette,1
Illinois,Kentucky,1
Illinois,Purdue,1
Illinois,Montana St,1
Illinois,Grambling,0
Illinois,Utah St,1
Illinois,TCU,1
Illinois,Gonzaga,1
Illinois,McNeese St,1
Illinois,Kansas,1
Illinois,Samford,1
Illinois,South Carolina,1
Illinois,Oregon,1
Illinois,Creighton,1
Illinois,Akron,1
Illinois,Texas,1
Illinois,Virginia,0
Illinois,Colorado St,1
Illinois,Tennessee,1
Illinois,St Peter's,1
Morehead St,Connecticut,1
Morehead St,Stetson,1
Morehead St,FL Atlantic,1
Morehead St,Northwestern,1
Morehead St,San Diego St,1
Morehead St,UAB,1
Morehead St,Auburn,1
Morehead St,Yale,1
Morehead St,BYU,1
Morehead St,Duquesne,1
Morehead St,Illinois,1
Morehead St,Washington St,1
Morehead St,Drake,1
Morehead St,Iowa St,1
Morehead St,S Dakota St,1
Morehead St,North Carolina,1
Morehead St,Howard,1
Morehead St,Wagner,1
Morehead St,Mississippi St,1
Morehead St,Michigan St,1
Morehead St,St Mary's CA,1
Morehead St,Grand Canyon,1
Morehead St,Alabama,1
Morehead St,Col Charleston,1
Morehead St,Clemson,1
Morehead St,New Mexico,1
Morehead St,Baylor,1
Morehead St,Colgate,1
Morehead St,Dayton,1
Morehead St,Nevada,1
Morehead St,Arizona,1
Morehead St,Long Beach St,1
Morehead St,Houston,1
Morehead St,Longwood,1
Morehead St,Nebraska,1
Morehead St,Texas A&M,1
Morehead St,Wisconsin,1
Morehead St,James Madison,1
Morehead St,Duke,1
Morehead St,Vermont,1
Morehead St,Texas Tech,1
Morehead St,NC State,1
Morehead St,Kentucky,1
Morehead St,Oakland,1
Morehead St,Florida,1
Morehead St,Boise St,1
Morehead St,Colorado,1
Morehead St,Marquette,1
Morehead St,Kentucky,1
Morehead St,Purdue,1
Morehead St,Montana St,1
Morehead St,Grambling,1
Morehead St,Utah St,1
Morehead St,TCU,1
Morehead St,Gonzaga,1
Morehead St,McNeese St,1
Morehead St,Kansas,1
Morehead St,Samford,1
Morehead St,South Carolina,1
Morehead St,Oregon,1
Morehead St,Creighton,1
Morehead St,Akron,1
Morehead St,Texas,1
Morehead St,Virginia,1
Morehead St,Colorado St,1
Morehead St,Tennessee,1
Morehead St,St Peter's,1
Washington St,Connecticut,0
Washington St,Stetson,0
Washington St,FL Atlantic,0
Washington St,Northwestern,0
Washington St,San Diego St,0
Washington St,UAB,0
Washington St,Auburn,0
Washington St,Yale,0
Washington St,BYU,0
Washington St,Duquesne,0
Washington St,Illinois,1
Washington St,Morehead St,0
Washington St,Drake,0
Washington St,Iowa St,0
Washington St,S Dakota St,0
Washington St,North Carolina,0
Washington St,Howard,1
Washington St,Wagner,0
Washington St,Mississippi St,0
Washington St,Michigan St,0
Washington St,St Mary's CA,0
Washington St,Grand Canyon,0
Washington St,Alabama,0
Washington St,Col Charleston,0
Washington St,Clemson,0
Washington St,New Mexico,0
Washington St,Baylor,0
Washington St,Colgate,0
Washington St,Dayton,0
Washington St,Nevada,0
Washington St,Arizona,0
Washington St,Long Beach St,0
Washington St,Houston,0
Washington St,Longwood,0
Washington St,Nebraska,0
Washington St,Texas A&M,0
Washington St,Wisconsin,0
Washington St,James Madison,0
Washington St,Duke,0
Washington St,Vermont,0
Washington St,Texas Tech,0
Washington St,NC State,1
Washington St,Kentucky,0
Washington St,Oakland,0
Washington St,Florida,0
Washington St,Boise St,0
Washington St,Colorado,0
Washington St,Marquette,0
Washington St,Kentucky,0
Washington St,Purdue,1
Washington St,Montana St,0
Washington St,Grambling,0
Washington St,Utah St,0
Washington St,TCU,0
Washington St,Gonzaga,0
Washington St,McNeese St,0
Washington St,Kansas,0
Washington St,Samford,0
Washington St,South Carolina,0
Washington St,Oregon,1
Washington St,Creighton,1
Washington St,Akron,0
Washington St,Texas,0
Washington St,Virginia,0
Washington St,Colorado St,0
Washington St,Tennessee,1
Washington St,St Peter's,0
Drake,Connecticut,0
Drake,Stetson,0
Drake,FL Atlantic,0
Drake,Northwestern,0
Drake,San Diego St,0
Drake,UAB,0
Drake,Auburn,0
Drake,Yale,0
Drake,BYU,0
Drake,Duquesne,0
Drake,Illinois,1
Drake,Morehead St,0
Drake,Washington St,0
Drake,Iowa St,0
Drake,S Dakota St,0
Drake,North Carolina,0
Drake,Howard,1
Drake,Wagner,0
Drake,Mississippi St,0
Drake,Michigan St,0
Drake,St Mary's CA,0
Drake,Grand Canyon,0
Drake,Alabama,0
Drake,Col Charleston,0
Drake,Clemson,0
Drake,New Mexico,0
Drake,Baylor,0
Drake,Colgate,0
Drake,Dayton,0
Drake,Nevada,0
Drake,Arizona,0
Drake,Long Beach St,0
Drake,Houston,0
Drake,Longwood,0
Drake,Nebraska,0
Drake,Texas A&M,0
Drake,Wisconsin,0
Drake,James Madison,0
Drake,Duke,0
Drake,Vermont,0
Drake,Texas Tech,0
Drake,NC State,1
Drake,Kentucky,0
Drake,Oakland,0
Drake,Florida,0
Drake,Boise St,0
Drake,Colorado,0
Drake,Marquette,0
Drake,Kentucky,0
Drake,Purdue,1
Drake,Montana St,0
Drake,Grambling,0
Drake,Utah St,0
Drake,TCU,0
Drake,Gonzaga,0
Drake,McNeese St,0
Drake,Kansas,0
Drake,Samford,0
Drake,South Carolina,0
Drake,Oregon,1
Drake,Creighton,1
Drake,Akron,0
Drake,Texas,0
Drake,Virginia,0
Drake,Colorado St,0
Drake,Tennessee,1
Drake,St Peter's,0
Iowa St,Connecticut,1
Iowa St,Stetson,1
Iowa St,FL Atlantic,1
Iowa St,Northwestern,1
Iowa St,San Diego St,1
Iowa St,UAB,1
Iowa St,Auburn,1
Iowa St,Yale,1
Iowa St,BYU,1
Iowa St,Duquesne,1
Iowa St,Illinois,1
Iowa St,Morehead St,1
Iowa St,Washington St,1
Iowa St,Drake,1
Iowa St,S Dakota St,1
Iowa St,North Carolina,1
Iowa St,Howard,1
Iowa St,Wagner,1
Iowa St,Mississippi St,1
Iowa St,Michigan St,1
Iowa St,St Mary's CA,1
Iowa St,Grand Canyon,0
Iowa St,Alabama,1
Iowa St,Col Charleston,1
Iowa St,Clemson,1
Iowa St,New Mexico,1
Iowa St,Baylor,1
Iowa St,Colgate,1
Iowa St,Dayton,1
Iowa St,Nevada,1
Iowa St,Arizona,1
Iowa St,Long Beach St,1
Iowa St,Houston,1
Iowa St,Longwood,0
Iowa St,Nebraska,1
Iowa St,Texas A&M,1
Iowa St,Wisconsin,1
Iowa St,James Madison,1
Iowa St,Duke,1
Iowa St,Vermont,1
Iowa St,Texas Tech,1
Iowa St,NC State,1
Iowa St,Kentucky,1
Iowa St,Oakland,1
Iowa St,Florida,1
Iowa St,Boise St,1
Iowa St,Colorado,1
Iowa St,Marquette,1
Iowa St,Kentucky,1
Iowa St,Purdue,1
Iowa St,Montana St,1
Iowa St,Grambling,1
Iowa St,Utah St,1
Iowa St,TCU,1
Iowa St,Gonzaga,1
Iowa St,McNeese St,1
Iowa St,Kansas,1
Iowa St,Samford,1
Iowa St,South Carolina,1
Iowa St,Oregon,1
Iowa St,Creighton,1
Iowa St,Akron,1
Iowa St,Texas,1
Iowa St,Virginia,1
Iowa St,Colorado St,1
Iowa St,Tennessee,1
Iowa St,St Peter's,1
S Dakota St,Connecticut,1
S Dakota St,Stetson,1
S Dakota St,FL Atlantic,1
S Dakota St,Northwestern,1
S Dakota St,San Diego St,1
S Dakota St,UAB,1
S Dakota St,Auburn,1
S Dakota St,Yale,1
S Dakota St,BYU,1
S Dakota St,Duquesne,1
S Dakota St,Illinois,1
S Dakota St,Morehead St,1
S Dakota St,Washington St,1
S Dakota St,Drake,1
S Dakota St,Iowa St,1
S Dakota St,North Carolina,1
S Dakota St,Howard,1
S Dakota St,Wagner,1
S Dakota St,Mississippi St,1
S Dakota St,Michigan St,1
S Dakota St,St Mary's CA,1
S Dakota St,Grand Canyon,1
S Dakota St,Alabama,1
S Dakota St,Col Charleston,1
S Dakota St,Clemson,1
S Dakota St,New Mexico,1
S Dakota St,Baylor,1
S Dakota St,Colgate,1
S Dakota St,Dayton,1
S Dakota St,Nevada,1
S Dakota St,Arizona,1
S Dakota St,Long Beach St,1
S Dakota St,Houston,1
S Dakota St,Longwood,1
S Dakota St,Nebraska,1
S Dakota St,Texas A&M,1
S Dakota St,Wisconsin,1
S Dakota St,James Madison,1
S Dakota St,Duke,1
S Dakota St,Vermont,1
S Dakota St,Texas Tech,1
S Dakota St,NC State,1
S Dakota St,Kentucky,1
S Dakota St,Oakland,1
S Dakota St,Florida,1
S Dakota St,Boise St,1
S Dakota St,Colorado,1
S Dakota St,Marquette,1
S Dakota St,Kentucky,1
S Dakota St,Purdue,1
S Dakota St,Montana St,1
S Dakota St,Grambling,1
S Dakota St,Utah St,1
S Dakota St,TCU,1
S Dakota St,Gonzaga,1
S Dakota St,McNeese St,1
S Dakota St,Kansas,1
S Dakota St,Samford,1
S Dakota St,South Carolina,1
S Dakota St,Oregon,1
S Dakota St,Creighton,1
S Dakota St,Akron,1
S Dakota St,Texas,1
S Dakota St,Virginia,1
S Dakota St,Colorado St,1
S Dakota St,Tennessee,1
S Dakota St,St Peter's,1
North Carolina,Connecticut,0
North Carolina,Stetson,0
North Carolina,FL Atlantic,0
North Carolina,Northwestern,0
North Carolina,San Diego St,0
North Carolina,UAB,0
North Carolina,Auburn,0
North Carolina,Yale,0
North Carolina,BYU,0
North Carolina,Duquesne,0
North Carolina,Illinois,0
North Carolina,Morehead St,0
North Carolina,Washington St,0
North Carolina,Drake,0
North Carolina,Iowa St,0
North Carolina,S Dakota St,0
North Carolina,Howard,0
North Carolina,Wagner,0
North Carolina,Mississippi St,0
North Carolina,Michigan St,0
North Carolina,St Mary's CA,0
North Carolina,Grand Canyon,0
North Carolina,Alabama,0
North Carolina,Col Charleston,0
North Carolina,Clemson,0
North Carolina,New Mexico,0
North Carolina,Baylor,0
North Carolina,Colgate,0
North Carolina,Dayton,0
North Carolina,Nevada,0
North Carolina,Arizona,0
North Carolina,Long Beach St,0
North Carolina,Houston,0
North Carolina,Longwood,0
North Carolina,Nebraska,0
North Carolina,Texas A&M,0
North Carolina,Wisconsin,0
North Carolina,James Madison,0
North Carolina,Duke,0
North Carolina,Vermont,0
North Carolina,Texas Tech,0
North Carolina,NC State,0
North Carolina,Kentucky,0
North Carolina,Oakland,0
North Carolina,Florida,0
North Carolina,Boise St,0
North Carolina,Colorado,0
North Carolina,Marquette,0
North Carolina,Kentucky,0
North Carolina,Purdue,0
North Carolina,Montana St,0
North Carolina,Grambling,0
North Carolina,Utah St,0
North Carolina,TCU,0
North Carolina,Gonzaga,0
North Carolina,McNeese St,0
North Carolina,Kansas,0
North Carolina,Samford,0
North Carolina,South Carolina,0
North Carolina,Oregon,0
North Carolina,Creighton,0
North Carolina,Akron,0
North Carolina,Texas,0
North Carolina,Virginia,0
North Carolina,Colorado St,0
North Carolina,Tennessee,0
North Carolina,St Peter's,0
Howard,Connecticut,1
Howard,Stetson,1
Howard,FL Atlantic,1
Howard,Northwestern,1
Howard,San Diego St,1
Howard,UAB,1
Howard,Auburn,1
Howard,Yale,1
Howard,BYU,1
Howard,Duquesne,1
Howard,Illinois,1
Howard,Morehead St,1
Howard,Washington St,1
Howard,Drake,1
Howard,Iowa St,1
Howard,S Dakota St,1
Howard,North Carolina,1
Howard,Wagner,1
Howard,Mississippi St,1
Howard,Michigan St,1
Howard,St Mary's CA,1
Howard,Grand Canyon,1
Howard,Alabama,1
Howard,Col Charleston,1
Howard,Clemson,1
Howard,New Mexico,1
Howard,Baylor,1
Howard,Colgate,1
Howard,Dayton,1
Howard,Nevada,1
Howard,Arizona,1
Howard,Long Beach St,1
Howard,Houston,1
Howard,Longwood,1
Howard,Nebraska,1
Howard,Texas A&M,1
Howard,Wisconsin,1
Howard,James Madison,1
Howard,Duke,1
Howard,Vermont,1
Howard,Texas Tech,1
Howard,NC State,1
Howard,Kentucky,1
Howard,Oakland,1
Howard,Florida,1
Howard,Boise St,1
Howard,Colorado,1
Howard,Marquette,1
Howard,Kentucky,1
Howard,Purdue,1
Howard,Montana St,1
Howard,Grambling,1
Howard,Utah St,1
Howard,TCU,1
Howard,Gonzaga,1
Howard,McNeese St,1
Howard,Kansas,1
Howard,Samford,1
Howard,South Carolina,1
Howard,Oregon,1
Howard,Creighton,1
Howard,Akron,1
Howard,Texas,1
Howard,Virginia,1
Howard,Colorado St,1
Howard,Tennessee,1
Howard,St Peter's,1
Wagner,Connecticut,1
Wagner,Stetson,1
Wagner,FL Atlantic,1
Wagner,Northwestern,1
Wagner,San Diego St,1
Wagner,UAB,1
Wagner,Auburn,1
Wagner,Yale,1
Wagner,BYU,1
Wagner,Duquesne,1
Wagner,Illinois,1
Wagner,Morehead St,1
Wagner,Washington St,1
Wagner,Drake,1
Wagner,Iowa St,1
Wagner,S Dakota St,1
Wagner,North Carolina,1
Wagner,Howard,1
Wagner,Mississippi St,1
Wagner,Michigan St,1
Wagner,St Mary's CA,1
Wagner,Grand Canyon,1
Wagner,Alabama,1
Wagner,Col Charleston,1
Wagner,Clemson,1
Wagner,New Mexico,1
Wagner,Baylor,1
Wagner,Colgate,1
Wagner,Dayton,1
Wagner,Nevada,1
Wagner,Arizona,1
Wagner,Long Beach St,1
Wagner,Houston,1
Wagner,Longwood,1
Wagner,Nebraska,1
Wagner,Texas A&M,1
Wagner,Wisconsin,1
Wagner,James Madison,1
Wagner,Duke,1
Wagner,Vermont,1
Wagner,Texas Tech,1
Wagner,NC State,1
Wagner,Kentucky,1
Wagner,Oakland,1
Wagner,Florida,1
Wagner,Boise St,1
Wagner,Colorado,1
Wagner,Marquette,1
Wagner,Kentucky,1
Wagner,Purdue,1
Wagner,Montana St,1
Wagner,Grambling,1
Wagner,Utah St,1
Wagner,TCU,1
Wagner,Gonzaga,1
Wagner,McNeese St,1
Wagner,Kansas,1
Wagner,Samford,1
Wagner,South Carolina,1
Wagner,Oregon,1
Wagner,Creighton,1
Wagner,Akron,1
Wagner,Texas,1
Wagner,Virginia,1
Wagner,Colorado St,1
Wagner,Tennessee,1
Wagner,St Peter's,1
Mississippi St,Connecticut,1
Mississippi St,Stetson,1
Mississippi St,FL Atlantic,0
Mississippi St,Northwestern,0
Mississippi St,San Diego St,0
Mississippi St,UAB,0
Mississippi St,Auburn,0
Mississippi St,Yale,0
Mississippi St,BYU,0
Mississippi St,Duquesne,0
Mississippi St,Illinois,1
Mississippi St,Morehead St,1
Mississippi St,Washington St,1
Mississippi St,Drake,1
Mississippi St,Iowa St,1
Mississippi St,S Dakota St,0
Mississippi St,North Carolina,1
Mississippi St,Howard,1
Mississippi St,Wagner,0
Mississippi St,Michigan St,1
Mississippi St,St Mary's CA,0
Mississippi St,Grand Canyon,0
Mississippi St,Alabama,0
Mississippi St,Col Charleston,1
Mississippi St,Clemson,1
Mississippi St,New Mexico,0
Mississippi St,Baylor,0
Mississippi St,Colgate,1
Mississippi St,Dayton,1
Mississippi St,Nevada,1
Mississippi St,Arizona,1
Mississippi St,Long Beach St,0
Mississippi St,Houston,0
Mississippi St,Longwood,0
Mississippi St,Nebraska,0
Mississippi St,Texas A&M,0
Mississippi St,Wisconsin,1
Mississippi St,James Madison,0
Mississippi St,Duke,0
Mississippi St,Vermont,0
Mississippi St,Texas Tech,0
Mississippi St,NC State,1
Mississippi St,Kentucky,1
Mississippi St,Oakland,1
Mississippi St,Florida,1
Mississippi St,Boise St,0
Mississippi St,Colorado,1
Mississippi St,Marquette,1
Mississippi St,Kentucky,1
Mississippi St,Purdue,1
Mississippi St,Montana St,1
Mississippi St,Grambling,0
Mississippi St,Utah St,0
Mississippi St,TCU,0
Mississippi St,Gonzaga,1
Mississippi St,McNeese St,1
Mississippi St,Kansas,0
Mississippi St,Samford,0
Mississippi St,South Carolina,0
Mississippi St,Oregon,1
Mississippi St,Creighton,1
Mississippi St,Akron,0
Mississippi St,Texas,1
Mississippi St,Virginia,0
Mississippi St,Colorado St,0
Mississippi St,Tennessee,1
Mississippi St,St Peter's,0
Michigan St,Connecticut,1
Michigan St,Stetson,1
Michigan St,FL Atlantic,0
Michigan St,Northwestern,1
Michigan St,San Diego St,0
Michigan St,UAB,1
Michigan St,Auburn,1
Michigan St,Yale,0
Michigan St,BYU,1
Michigan St,Duquesne,1
Michigan St,Illinois,1
Michigan St,Morehead St,1
Michigan St,Washington St,1
Michigan St,Drake,1
Michigan St,Iowa St,1
Michigan St,S Dakota St,1
Michigan St,North Carolina,1
Michigan St,Howard,1
Michigan St,Wagner,1
Michigan St,Mississippi St,1
Michigan St,St Mary's CA,0
Michigan St,Grand Canyon,0
Michigan St,Alabama,1
Michigan St,Col Charleston,1
Michigan St,Clemson,1
Michigan St,New Mexico,1
Michigan St,Baylor,1
Michigan St,Colgate,1
Michigan St,Dayton,1
Michigan St,Nevada,1
Michigan St,Arizona,1
Michigan St,Long Beach St,1
Michigan St,Houston,1
Michigan St,Longwood,0
Michigan St,Nebraska,1
Michigan St,Texas A&M,0
Michigan St,Wisconsin,1
Michigan St,James Madison,1
Michigan St,Duke,1
Michigan St,Vermont,0
Michigan St,Texas Tech,1
Michigan St,NC State,1
Michigan St,Kentucky,1
Michigan St,Oakland,1
Michigan St,Florida,1
Michigan St,Boise St,1
Michigan St,Colorado,1
Michigan St,Marquette,1
Michigan St,Kentucky,1
Michigan St,Purdue,1
Michigan St,Montana St,1
Michigan St,Grambling,0
Michigan St,Utah St,1
Michigan St,TCU,1
Michigan St,Gonzaga,1
Michigan St,McNeese St,1
Michigan St,Kansas,1
Michigan St,Samford,1
Michigan St,South Carolina,1
Michigan St,Oregon,1
Michigan St,Creighton,1
Michigan St,Akron,1
Michigan St,Texas,1
Michigan St,Virginia,0
Michigan St,Colorado St,1
Michigan St,Tennessee,1
Michigan St,St Peter's,1
St Mary's CA,Connecticut,1
St Mary's CA,Stetson,1
St Mary's CA,FL Atlantic,0
St Mary's CA,Northwestern,1
St Mary's CA,San Diego St,1
St Mary's CA,UAB,1
St Mary's CA,Auburn,1
St Mary's CA,Yale,0
St Mary's CA,BYU,1
St Mary's CA,Duquesne,1
St Mary's CA,Illinois,1
St Mary's CA,Morehead St,1
St Mary's CA,Washington St,1
St Mary's CA,Drake,1
St Mary's CA,Iowa St,1
St Mary's CA,S Dakota St,1
St Mary's CA,North Carolina,1
St Mary's CA,Howard,1
St Mary's CA,Wagner,1
St Mary's CA,Mississippi St,1
St Mary's CA,Michigan St,1
St Mary's CA,Grand Canyon,0
St Mary's CA,Alabama,1
St Mary's CA,Col Charleston,1
St Mary's CA,Clemson,1
St Mary's CA,New Mexico,1
St Mary's CA,Baylor,1
St Mary's CA,Colgate,1
St Mary's CA,Dayton,1
St Mary's CA,Nevada,1
St Mary's CA,Arizona,1
St Mary's CA,Long Beach St,1
St Mary's CA,Houston,1
St Mary's CA,Longwood,0
St Mary's CA,Nebraska,1
St Mary's CA,Texas A&M,0
St Mary's CA,Wisconsin,1
St Mary's CA,James Madison,1
St Mary's CA,Duke,1
St Mary's CA,Vermont,1
St Mary's CA,Texas Tech,1
St Mary's CA,NC State,1
St Mary's CA,Kentucky,1
St Mary's CA,Oakland,1
St Mary's CA,Florida,1
St Mary's CA,Boise St,1
St Mary's CA,Colorado,1
St Mary's CA,Marquette,1
St Mary's CA,Kentucky,1
St Mary's CA,Purdue,1
St Mary's CA,Montana St,1
St Mary's CA,Grambling,0
St Mary's CA,Utah St,1
St Mary's CA,TCU,1
St Mary's CA,Gonzaga,1
St Mary's CA,McNeese St,1
St Mary's CA,Kansas,1
St Mary's CA,Samford,1
St Mary's CA,South Carolina,1
St Mary's CA,Oregon,1
St Mary's CA,Creighton,1
St Mary's CA,Akron,1
St Mary's CA,Texas,1
St Mary's CA,Virginia,0
St Mary's CA,Colorado St,1
St Mary's CA,Tennessee,1
St Mary's CA,St Peter's,1
Grand Canyon,Connecticut,1
Grand Canyon,Stetson,1
Grand Canyon,FL Atlantic,1
Grand Canyon,Northwestern,1
Grand Canyon,San Diego St,1
Grand Canyon,UAB,1
Grand Canyon,Auburn,1
Grand Canyon,Yale,1
Grand Canyon,BYU,1
Grand Canyon,Duquesne,1
Grand Canyon,Illinois,1
Grand Canyon,Morehead St,1
Grand Canyon,Washington St,1
Grand Canyon,Drake,1
Grand Canyon,Iowa St,1
Grand Canyon,S Dakota St,1
Grand Canyon,North Carolina,1
Grand Canyon,Howard,1
Grand Canyon,Wagner,1
Grand Canyon,Mississippi St,1
Grand Canyon,Michigan St,1
Grand Canyon,St Mary's CA,1
Grand Canyon,Alabama,1
Grand Canyon,Col Charleston,1
Grand Canyon,Clemson,1
Grand Canyon,New Mexico,1
Grand Canyon,Baylor,1
Grand Canyon,Colgate,1
Grand Canyon,Dayton,1
Grand Canyon,Nevada,1
Grand Canyon,Arizona,1
Grand Canyon,Long Beach St,1
Grand Canyon,Houston,1
Grand Canyon,Longwood,0
Grand Canyon,Nebraska,1
Grand Canyon,Texas A&M,1
Grand Canyon,Wisconsin,1
Grand Canyon,James Madison,1
Grand Canyon,Duke,1
Grand Canyon,Vermont,1
Grand Canyon,Texas Tech,1
Grand Canyon,NC State,1
Grand Canyon,Kentucky,1
Grand Canyon,Oakland,1
Grand Canyon,Florida,1
Grand Canyon,Boise St,1
Grand Canyon,Colorado,1
Grand Canyon,Marquette,1
Grand Canyon,Kentucky,1
Grand Canyon,Purdue,1
Grand Canyon,Montana St,1
Grand Canyon,Grambling,1
Grand Canyon,Utah St,1
Grand Canyon,TCU,1
Grand Canyon,Gonzaga,1
Grand Canyon,McNeese St,1
Grand Canyon,Kansas,1
Grand Canyon,Samford,1
Grand Canyon,South Carolina,1
Grand Canyon,Oregon,1
Grand Canyon,Creighton,1
Grand Canyon,Akron,1
Grand Canyon,Texas,1
Grand Canyon,Virginia,1
Grand Canyon,Colorado St,1
Grand Canyon,Tennessee,1
Grand Canyon,St Peter's,1
Alabama,Connecticut,1
Alabama,Stetson,1
Alabama,FL Atlantic,0
Alabama,Northwestern,1
Alabama,San Diego St,0
Alabama,UAB,1
Alabama,Auburn,0
Alabama,Yale,0
Alabama,BYU,1
Alabama,Duquesne,1
Alabama,Illinois,1
Alabama,Morehead St,1
Alabama,Washington St,1
Alabama,Drake,1
Alabama,Iowa St,1
Alabama,S Dakota St,1
Alabama,North Carolina,1
Alabama,Howard,1
Alabama,Wagner,1
Alabama,Mississippi St,1
Alabama,Michigan St,1
Alabama,St Mary's CA,0
Alabama,Grand Canyon,0
Alabama,Col Charleston,1
Alabama,Clemson,1
Alabama,New Mexico,1
Alabama,Baylor,1
Alabama,Colgate,1
Alabama,Dayton,1
Alabama,Nevada,1
Alabama,Arizona,1
Alabama,Long Beach St,1
Alabama,Houston,0
Alabama,Longwood,0
Alabama,Nebraska,1
Alabama,Texas A&M,0
Alabama,Wisconsin,1
Alabama,James Madison,1
Alabama,Duke,1
Alabama,Vermont,0
Alabama,Texas Tech,1
Alabama,NC State,1
Alabama,Kentucky,1
Alabama,Oakland,1
Alabama,Florida,1
Alabama,Boise St,1
Alabama,Colorado,1
Alabama,Marquette,1
Alabama,Kentucky,1
Alabama,Purdue,1
Alabama,Montana St,1
Alabama,Grambling,0
Alabama,Utah St,0
Alabama,TCU,1
Alabama,Gonzaga,1
Alabama,McNeese St,1
Alabama,Kansas,1
Alabama,Samford,0
Alabama,South Carolina,1
Alabama,Oregon,1
Alabama,Creighton,1
Alabama,Akron,1
Alabama,Texas,1
Alabama,Virginia,0
Alabama,Colorado St,1
Alabama,Tennessee,1
Alabama,St Peter's,1
Col Charleston,Connecticut,1
Col Charleston,Stetson,1
Col Charleston,FL Atlantic,0
Col Charleston,Northwestern,0
Col Charleston,San Diego St,0
Col Charleston,UAB,0
Col Charleston,Auburn,0
Col Charleston,Yale,0
Col Charleston,BYU,0
Col Charleston,Duquesne,0
Col Charleston,Illinois,1
Col Charleston,Morehead St,1
Col Charleston,Washington St,1
Col Charleston,Drake,0
Col Charleston,Iowa St,1
Col Charleston,S Dakota St,0
Col Charleston,North Carolina,1
Col Charleston,Howard,1
Col Charleston,Wagner,0
Col Charleston,Mississippi St,0
Col Charleston,Michigan St,0
Col Charleston,St Mary's CA,0
Col Charleston,Grand Canyon,0
Col Charleston,Alabama,0
Col Charleston,Clemson,1
Col Charleston,New Mexico,0
Col Charleston,Baylor,0
Col Charleston,Colgate,0
Col Charleston,Dayton,0
Col Charleston,Nevada,0
Col Charleston,Arizona,0
Col Charleston,Long Beach St,0
Col Charleston,Houston,0
Col Charleston,Longwood,0
Col Charleston,Nebraska,0
Col Charleston,Texas A&M,0
Col Charleston,Wisconsin,0
Col Charleston,James Madison,0
Col Charleston,Duke,0
Col Charleston,Vermont,0
Col Charleston,Texas Tech,0
Col Charleston,NC State,1
Col Charleston,Kentucky,0
Col Charleston,Oakland,1
Col Charleston,Florida,0
Col Charleston,Boise St,0
Col Charleston,Colorado,0
Col Charleston,Marquette,0
Col Charleston,Kentucky,0
Col Charleston,Purdue,1
Col Charleston,Montana St,1
Col Charleston,Grambling,0
Col Charleston,Utah St,0
Col Charleston,TCU,0
Col Charleston,Gonzaga,0
Col Charleston,McNeese St,1
Col Charleston,Kansas,0
Col Charleston,Samford,0
Col Charleston,South Carolina,0
Col Charleston,Oregon,1
Col Charleston,Creighton,1
Col Charleston,Akron,0
Col Charleston,Texas,1
Col Charleston,Virginia,0
Col Charleston,Colorado St,0
Col Charleston,Tennessee,1
Col Charleston,St Peter's,0
Clemson,Connecticut,1
Clemson,Stetson,1
Clemson,FL Atlantic,0
Clemson,Northwestern,0
Clemson,San Diego St,0
Clemson,UAB,0
Clemson,Auburn,0
Clemson,Yale,0
Clemson,BYU,1
Clemson,Duquesne,1
Clemson,Illinois,1
Clemson,Morehead St,1
Clemson,Washington St,1
Clemson,Drake,1
Clemson,Iowa St,1
Clemson,S Dakota St,0
Clemson,North Carolina,1
Clemson,Howard,1
Clemson,Wagner,0
Clemson,Mississippi St,1
Clemson,Michigan St,1
Clemson,St Mary's CA,0
Clemson,Grand Canyon,0
Clemson,Alabama,0
Clemson,Col Charleston,1
Clemson,New Mexico,0
Clemson,Baylor,0
Clemson,Colgate,1
Clemson,Dayton,1
Clemson,Nevada,1
Clemson,Arizona,1
Clemson,Long Beach St,0
Clemson,Houston,0
Clemson,Longwood,0
Clemson,Nebraska,0
Clemson,Texas A&M,0
Clemson,Wisconsin,1
Clemson,James Madison,0
Clemson,Duke,0
Clemson,Vermont,0
Clemson,Texas Tech,0
Clemson,NC State,1
Clemson,Kentucky,1
Clemson,Oakland,1
Clemson,Florida,1
Clemson,Boise St,0
Clemson,Colorado,1
Clemson,Marquette,1
Clemson,Kentucky,1
Clemson,Purdue,1
Clemson,Montana St,1
Clemson,Grambling,0
Clemson,Utah St,0
Clemson,TCU,0
Clemson,Gonzaga,1
Clemson,McNeese St,1
Clemson,Kansas,1
Clemson,Samford,0
Clemson,South Carolina,0
Clemson,Oregon,1
Clemson,Creighton,1
Clemson,Akron,0
Clemson,Texas,1
Clemson,Virginia,0
Clemson,Colorado St,0
Clemson,Tennessee,1
Clemson,St Peter's,0
New Mexico,Connecticut,1
New Mexico,Stetson,1
New Mexico,FL Atlantic,0
New Mexico,Northwestern,1
New Mexico,San Diego St,0
New Mexico,UAB,1
New Mexico,Auburn,0
New Mexico,Yale,0
New Mexico,BYU,1
New Mexico,Duquesne,1
New Mexico,Illinois,1
New Mexico,Morehead St,1
New Mexico,Washington St,1
New Mexico,Drake,1
New Mexico,Iowa St,1
New Mexico,S Dakota St,1
New Mexico,North Carolina,1
New Mexico,Howard,1
New Mexico,Wagner,1
New Mexico,Mississippi St,1
New Mexico,Michigan St,1
New Mexico,St Mary's CA,0
New Mexico,Grand Canyon,0
New Mexico,Alabama,1
New Mexico,Col Charleston,1
New Mexico,Clemson,1
New Mexico,Baylor,1
New Mexico,Colgate,1
New Mexico,Dayton,1
New Mexico,Nevada,1
New Mexico,Arizona,1
New Mexico,Long Beach St,1
New Mexico,Houston,0
New Mexico,Longwood,0
New Mexico,Nebraska,1
New Mexico,Texas A&M,0
New Mexico,Wisconsin,1
New Mexico,James Madison,0
New Mexico,Duke,1
New Mexico,Vermont,0
New Mexico,Texas Tech,1
New Mexico,NC State,1
New Mexico,Kentucky,1
New Mexico,Oakland,1
New Mexico,Florida,1
New Mexico,Boise St,1
New Mexico,Colorado,1
New Mexico,Marquette,1
New Mexico,Kentucky,1
New Mexico,Purdue,1
New Mexico,Montana St,1
New Mexico,Grambling,0
New Mexico,Utah St,0
New Mexico,TCU,1
New Mexico,Gonzaga,1
New Mexico,McNeese St,1
New Mexico,Kansas,1
New Mexico,Samford,0
New Mexico,South Carolina,1
New Mexico,Oregon,1
New Mexico,Creighton,1
New Mexico,Akron,1
New Mexico,Texas,1
New Mexico,Virginia,0
New Mexico,Colorado St,1
New Mexico,Tennessee,1
New Mexico,St Peter's,1
Baylor,Connecticut,1
Baylor,Stetson,1
Baylor,FL Atlantic,0
Baylor,Northwestern,0
Baylor,San Diego St,0
Baylor,UAB,0
Baylor,Auburn,0
Baylor,Yale,0
Baylor,BYU,1
Baylor,Duquesne,1
Baylor,Illinois,1
Baylor,Morehead St,1
Baylor,Washington St,1
Baylor,Drake,1
Baylor,Iowa St,1
Baylor,S Dakota St,0
Baylor,North Carolina,1
Baylor,Howard,1
Baylor,Wagner,0
Baylor,Mississippi St,1
Baylor,Michigan St,1
Baylor,St Mary's CA,0
Baylor,Grand Canyon,0
Baylor,Alabama,0
Baylor,Col Charleston,1
Baylor,Clemson,1
Baylor,New Mexico,0
Baylor,Colgate,1
Baylor,Dayton,1
Baylor,Nevada,1
Baylor,Arizona,1
Baylor,Long Beach St,0
Baylor,Houston,0
Baylor,Longwood,0
Baylor,Nebraska,0
Baylor,Texas A&M,0
Baylor,Wisconsin,1
Baylor,James Madison,0
Baylor,Duke,0
Baylor,Vermont,0
Baylor,Texas Tech,0
Baylor,NC State,1
Baylor,Kentucky,1
Baylor,Oakland,1
Baylor,Florida,1
Baylor,Boise St,0
Baylor,Colorado,1
Baylor,Marquette,1
Baylor,Kentucky,1
Baylor,Purdue,1
Baylor,Montana St,1
Baylor,Grambling,0
Baylor,Utah St,0
Baylor,TCU,0
Baylor,Gonzaga,1
Baylor,McNeese St,1
Baylor,Kansas,1
Baylor,Samford,0
Baylor,South Carolina,0
Baylor,Oregon,1
Baylor,Creighton,1
Baylor,Akron,0
Baylor,Texas,1
Baylor,Virginia,0
Baylor,Colorado St,0
Baylor,Tennessee,1
Baylor,St Peter's,0
Colgate,Connecticut,1
Colgate,Stetson,1
Colgate,FL Atlantic,1
Colgate,Northwestern,1
Colgate,San Diego St,1
Colgate,UAB,1
Colgate,Auburn,1
Colgate,Yale,0
Colgate,BYU,1
Colgate,Duquesne,1
Colgate,Illinois,1
Colgate,Morehead St,1
Colgate,Washington St,1
Colgate,Drake,1
Colgate,Iowa St,1
Colgate,S Dakota St,1
Colgate,North Carolina,1
Colgate,Howard,1
Colgate,Wagner,1
Colgate,Mississippi St,1
Colgate,Michigan St,1
Colgate,St Mary's CA,0
Colgate,Grand Canyon,0
Colgate,Alabama,1
Colgate,Col Charleston,1
Colgate,Clemson,1
Colgate,New Mexico,1
Colgate,Baylor,1
Colgate,Dayton,1
Colgate,Nevada,1
Colgate,Arizona,1
Colgate,Long Beach St,1
Colgate,Houston,1
Colgate,Longwood,0
Colgate,Nebraska,1
Colgate,Texas A&M,1
Colgate,Wisconsin,1
Colgate,James Madison,1
Colgate,Duke,1
Colgate,Vermont,1
Colgate,Texas Tech,1
Colgate,NC State,1
Colgate,Kentucky,1
Colgate,Oakland,1
Colgate,Florida,1
Colgate,Boise St,1
Colgate,Colorado,1
Colgate,Marquette,1
Colgate,Kentucky,1
Colgate,Purdue,1
Colgate,Montana St,1
Colgate,Grambling,1
Colgate,Utah St,1
Colgate,TCU,1
Colgate,Gonzaga,1
Colgate,McNeese St,1
Colgate,Kansas,1
Colgate,Samford,1
Colgate,South Carolina,1
Colgate,Oregon,1
Colgate,Creighton,1
Colgate,Akron,1
Colgate,Texas,1
Colgate,Virginia,1
Colgate,Colorado St,1
Colgate,Tennessee,1
Colgate,St Peter's,1
Dayton,Connecticut,1
Dayton,Stetson,1
Dayton,FL Atlantic,1
Dayton,Northwestern,1
Dayton,San Diego St,1
Dayton,UAB,1
Dayton,Auburn,1
Dayton,Yale,1
Dayton,BYU,1
Dayton,Duquesne,1
Dayton,Illinois,1
Dayton,Morehead St,1
Dayton,Washington St,1
Dayton,Drake,1
Dayton,Iowa St,1
Dayton,S Dakota St,1
Dayton,North Carolina,1
Dayton,Howard,1
Dayton,Wagner,1
Dayton,Mississippi St,1
Dayton,Michigan St,1
Dayton,St Mary's CA,0
Dayton,Grand Canyon,0
Dayton,Alabama,1
Dayton,Col Charleston,1
Dayton,Clemson,1
Dayton,New Mexico,1
Dayton,Baylor,1
Dayton,Colgate,1
Dayton,Nevada,1
Dayton,Arizona,1
Dayton,Long Beach St,1
Dayton,Houston,1
Dayton,Longwood,0
Dayton,Nebraska,1
Dayton,Texas A&M,1
Dayton,Wisconsin,1
Dayton,James Madison,1
Dayton,Duke,1
Dayton,Vermont,1
Dayton,Texas Tech,1
Dayton,NC State,1
Dayton,Kentucky,1
Dayton,Oakland,1
Dayton,Florida,1
Dayton,Boise St,1
Dayton,Colorado,1
Dayton,Marquette,1
Dayton,Kentucky,1
Dayton,Purdue,1
Dayton,Montana St,1
Dayton,Grambling,1
Dayton,Utah St,1
Dayton,TCU,1
Dayton,Gonzaga,1
Dayton,McNeese St,1
Dayton,Kansas,1
Dayton,Samford,1
Dayton,South Carolina,1
Dayton,Oregon,1
Dayton,Creighton,1
Dayton,Akron,1
Dayton,Texas,1
Dayton,Virginia,1
Dayton,Colorado St,1
Dayton,Tennessee,1
Dayton,St Peter's,1
Nevada,Connecticut,1
Nevada,Stetson,1
Nevada,FL Atlantic,0
Nevada,Northwestern,0
Nevada,San Diego St,0
Nevada,UAB,0
Nevada,Auburn,0
Nevada,Yale,0
Nevada,BYU,1
Nevada,Duquesne,1
Nevada,Illinois,1
Nevada,Morehead St,1
Nevada,Washington St,1
Nevada,Drake,1
Nevada,Iowa St,1
Nevada,S Dakota St,0
Nevada,North Carolina,1
Nevada,Howard,1
Nevada,Wagner,0
Nevada,Mississippi St,1
Nevada,Michigan St,1
Nevada,St Mary's CA,0
Nevada,Grand Canyon,0
Nevada,Alabama,0
Nevada,Col Charleston,1
Nevada,Clemson,1
Nevada,New Mexico,0
Nevada,Baylor,0
Nevada,Colgate,1
Nevada,Dayton,1
Nevada,Arizona,1
Nevada,Long Beach St,0
Nevada,Houston,0
Nevada,Longwood,0
Nevada,Nebraska,0
Nevada,Texas A&M,0
Nevada,Wisconsin,1
Nevada,James Madison,0
Nevada,Duke,0
Nevada,Vermont,0
Nevada,Texas Tech,0
Nevada,NC State,1
Nevada,Kentucky,1
Nevada,Oakland,1
Nevada,Florida,1
Nevada,Boise St,0
Nevada,Colorado,1
Nevada,Marquette,1
Nevada,Kentucky,1
Nevada,Purdue,1
Nevada,Montana St,1
Nevada,Grambling,0
Nevada,Utah St,0
Nevada,TCU,0
Nevada,Gonzaga,1
Nevada,McNeese St,1
Nevada,Kansas,1
Nevada,Samford,0
Nevada,South Carolina,1
Nevada,Oregon,1
Nevada,Creighton,1
Nevada,Akron,0
Nevada,Texas,1
Nevada,Virginia,0
Nevada,Colorado St,0
Nevada,Tennessee,1
Nevada,St Peter's,0
Arizona,Connecticut,1
Arizona,Stetson,1
Arizona,FL Atlantic,0
Arizona,Northwestern,0
Arizona,San Diego St,0
Arizona,UAB,0
Arizona,Auburn,0
Arizona,Yale,0
Arizona,BYU,1
Arizona,Duquesne,1
Arizona,Illinois,1
Arizona,Morehead St,1
Arizona,Washington St,1
Arizona,Drake,1
Arizona,Iowa St,1
Arizona,S Dakota St,0
Arizona,North Carolina,1
Arizona,Howard,1
Arizona,Wagner,0
Arizona,Mississippi St,1
Arizona,Michigan St,1
Arizona,St Mary's CA,0
Arizona,Grand Canyon,0
Arizona,Alabama,0
Arizona,Col Charleston,1
Arizona,Clemson,1
Arizona,New Mexico,0
Arizona,Baylor,0
Arizona,Colgate,1
Arizona,Dayton,1
Arizona,Nevada,1
Arizona,Long Beach St,0
Arizona,Houston,0
Arizona,Longwood,0
Arizona,Nebraska,0
Arizona,Texas A&M,0
Arizona,Wisconsin,1
Arizona,James Madison,0
Arizona,Duke,0
Arizona,Vermont,0
Arizona,Texas Tech,0
Arizona,NC State,1
Arizona,Kentucky,1
Arizona,Oakland,1
Arizona,Florida,1
Arizona,Boise St,0
Arizona,Colorado,1
Arizona,Marquette,1
Arizona,Kentucky,1
Arizona,Purdue,1
Arizona,Montana St,1
Arizona,Grambling,0
Arizona,Utah St,0
Arizona,TCU,0
Arizona,Gonzaga,1
Arizona,McNeese St,1
Arizona,Kansas,1
Arizona,Samford,0
Arizona,South Carolina,0
Arizona,Oregon,1
Arizona,Creighton,1
Arizona,Akron,0
Arizona,Texas,1
Arizona,Virginia,0
Arizona,Colorado St,0
Arizona,Tennessee,1
Arizona,St Peter's,0
Long Beach St,Connecticut,1
Long Beach St,Stetson,1
Long Beach St,FL Atlantic,1
Long Beach St,Northwestern,1
Long Beach St,San Diego St,1
Long Beach St,UAB,1
Long Beach St,Auburn,1
Long Beach St,Yale,1
Long Beach St,BYU,1
Long Beach St,Duquesne,1
Long Beach St,Illinois,1
Long Beach St,Morehead St,1
Long Beach St,Washington St,1
Long Beach St,Drake,1
Long Beach St,Iowa St,1
Long Beach St,S Dakota St,1
Long Beach St,North Carolina,1
Long Beach St,Howard,1
Long Beach St,Wagner,1
Long Beach St,Mississippi St,1
Long Beach St,Michigan St,1
Long Beach St,St Mary's CA,1
Long Beach St,Grand Canyon,0
Long Beach St,Alabama,1
Long Beach St,Col Charleston,1
Long Beach St,Clemson,1
Long Beach St,New Mexico,1
Long Beach St,Baylor,1
Long Beach St,Colgate,1
Long Beach St,Dayton,1
Long Beach St,Nevada,1
Long Beach St,Arizona,1
Long Beach St,Houston,1
Long Beach St,Longwood,1
Long Beach St,Nebraska,1
Long Beach St,Texas A&M,1
Long Beach St,Wisconsin,1
Long Beach St,James Madison,1
Long Beach St,Duke,1
Long Beach St,Vermont,1
Long Beach St,Texas Tech,1
Long Beach St,NC State,1
Long Beach St,Kentucky,1
Long Beach St,Oakland,1
Long Beach St,Florida,1
Long Beach St,Boise St,1
Long Beach St,Colorado,1
Long Beach St,Marquette,1
Long Beach St,Kentucky,1
Long Beach St,Purdue,1
Long Beach St,Montana St,1
Long Beach St,Grambling,1
Long Beach St,Utah St,1
Long Beach St,TCU,1
Long Beach St,Gonzaga,1
Long Beach St,McNeese St,1
Long Beach St,Kansas,1
Long Beach St,Samford,1
Long Beach St,South Carolina,1
Long Beach St,Oregon,1
Long Beach St,Creighton,1
Long Beach St,Akron,1
Long Beach St,Texas,1
Long Beach St,Virginia,1
Long Beach St,Colorado St,1
Long Beach St,Tennessee,1
Long Beach St,St Peter's,1
Houston,Connecticut,1
Houston,Stetson,1
Houston,FL Atlantic,0
Houston,Northwestern,1
Houston,San Diego St,0
Houston,UAB,1
Houston,Auburn,0
Houston,Yale,0
Houston,BYU,1
Houston,Duquesne,1
Houston,Illinois,1
Houston,Morehead St,1
Houston,Washington St,1
Houston,Drake,1
Houston,Iowa St,1
Houston,S Dakota St,1
Houston,North Carolina,1
Houston,Howard,1
Houston,Wagner,1
Houston,Mississippi St,1
Houston,Michigan St,1
Houston,St Mary's CA,0
Houston,Grand Canyon,0
Houston,Alabama,1
Houston,Col Charleston,1
Houston,Clemson,1
Houston,New Mexico,1
Houston,Baylor,1
Houston,Colgate,1
Houston,Dayton,1
Houston,Nevada,1
Houston,Arizona,1
Houston,Long Beach St,1
Houston,Longwood,0
Houston,Nebraska,1
Houston,Texas A&M,0
Houston,Wisconsin,1
Houston,James Madison,1
Houston,Duke,1
Houston,Vermont,0
Houston,Texas Tech,1
Houston,NC State,1
Houston,Kentucky,1
Houston,Oakland,1
Houston,Florida,1
Houston,Boise St,1
Houston,Colorado,1
Houston,Marquette,1
Houston,Kentucky,1
Houston,Purdue,1
Houston,Montana St,1
Houston,Grambling,0
Houston,Utah St,1
Houston,TCU,1
Houston,Gonzaga,1
Houston,McNeese St,1
Houston,Kansas,1
Houston,Samford,0
Houston,South Carolina,1
Houston,Oregon,1
Houston,Creighton,1
Houston,Akron,1
Houston,Texas,1
Houston,Virginia,0
Houston,Colorado St,1
Houston,Tennessee,1
Houston,St Peter's,1
Longwood,Connecticut,1
Longwood,Stetson,1
Longwood,FL Atlantic,1
Longwood,Northwestern,1
Longwood,San Diego St,1
Longwood,UAB,1
Longwood,Auburn,1
Longwood,Yale,1
Longwood,BYU,1
Longwood,Duquesne,1
Longwood,Illinois,1
Longwood,Morehead St,1
Longwood,Washington St,1
Longwood,Drake,1
Longwood,Iowa St,1
Longwood,S Dakota St,1
Longwood,North Carolina,1
Longwood,Howard,1
Longwood,Wagner,1
Longwood,Mississippi St,1
Longwood,Michigan St,1
Longwood,St Mary's CA,1
Longwood,Grand Canyon,1
Longwood,Alabama,1
Longwood,Col Charleston,1
Longwood,Clemson,1
Longwood,New Mexico,1
Longwood,Baylor,1
Longwood,Colgate,1
Longwood,Dayton,1
Longwood,Nevada,1
Longwood,Arizona,1
Longwood,Long Beach St,1
Longwood,Houston,1
Longwood,Nebraska,1
Longwood,Texas A&M,1
Longwood,Wisconsin,1
Longwood,James Madison,1
Longwood,Duke,1
Longwood,Vermont,1
Longwood,Texas Tech,1
Longwood,NC State,1
Longwood,Kentucky,1
Longwood,Oakland,1
Longwood,Florida,1
Longwood,Boise St,1
Longwood,Colorado,1
Longwood,Marquette,1
Longwood,Kentucky,1
Longwood,Purdue,1
Longwood,Montana St,1
Longwood,Grambling,1
Longwood,Utah St,1
Longwood,TCU,1
Longwood,Gonzaga,1
Longwood,McNeese St,1
Longwood,Kansas,1
Longwood,Samford,1
Longwood,South Carolina,1
Longwood,Oregon,1
Longwood,Creighton,1
Longwood,Akron,1
Longwood,Texas,1
Longwood,Virginia,1
Longwood,Colorado St,1
Longwood,Tennessee,1
Longwood,St Peter's,1
Nebraska,Connecticut,1
Nebraska,Stetson,1
Nebraska,FL Atlantic,0
Nebraska,Northwestern,0
Nebraska,San Diego St,0
Nebraska,UAB,0
Nebraska,Auburn,0
Nebraska,Yale,0
Nebraska,BYU,0
Nebraska,Duquesne,0
Nebraska,Illinois,1
Nebraska,Morehead St,1
Nebraska,Washington St,1
Nebraska,Drake,0
Nebraska,Iowa St,1
Nebraska,S Dakota St,0
Nebraska,North Carolina,1
Nebraska,Howard,1
Nebraska,Wagner,0
Nebraska,Mississippi St,0
Nebraska,Michigan St,1
Nebraska,St Mary's CA,0
Nebraska,Grand Canyon,0
Nebraska,Alabama,0
Nebraska,Col Charleston,1
Nebraska,Clemson,1
Nebraska,New Mexico,0
Nebraska,Baylor,0
Nebraska,Colgate,0
Nebraska,Dayton,0
Nebraska,Nevada,0
Nebraska,Arizona,0
Nebraska,Long Beach St,0
Nebraska,Houston,0
Nebraska,Longwood,0
Nebraska,Texas A&M,0
Nebraska,Wisconsin,0
Nebraska,James Madison,0
Nebraska,Duke,0
Nebraska,Vermont,0
Nebraska,Texas Tech,0
Nebraska,NC State,1
Nebraska,Kentucky,1
Nebraska,Oakland,1
Nebraska,Florida,0
Nebraska,Boise St,0
Nebraska,Colorado,0
Nebraska,Marquette,0
Nebraska,Kentucky,1
Nebraska,Purdue,1
Nebraska,Montana St,1
Nebraska,Grambling,0
Nebraska,Utah St,0
Nebraska,TCU,0
Nebraska,Gonzaga,0
Nebraska,McNeese St,1
Nebraska,Kansas,0
Nebraska,Samford,0
Nebraska,South Carolina,0
Nebraska,Oregon,1
Nebraska,Creighton,1
Nebraska,Akron,0
Nebraska,Texas,1
Nebraska,Virginia,0
Nebraska,Colorado St,0
Nebraska,Tennessee,1
Nebraska,St Peter's,0
Texas A&M,Connecticut,1
Texas A&M,Stetson,1
Texas A&M,FL Atlantic,1
Texas A&M,Northwestern,1
Texas A&M,San Diego St,1
Texas A&M,UAB,1
Texas A&M,Auburn,1
Texas A&M,Yale,1
Texas A&M,BYU,1
Texas A&M,Duquesne,1
Texas A&M,Illinois,1
Texas A&M,Morehead St,1
Texas A&M,Washington St,1
Texas A&M,Drake,1
Texas A&M,Iowa St,1
Texas A&M,S Dakota St,1
Texas A&M,North Carolina,1
Texas A&M,Howard,1
Texas A&M,Wagner,1
Texas A&M,Mississippi St,1
Texas A&M,Michigan St,1
Texas A&M,St Mary's CA,0
Texas A&M,Grand Canyon,0
Texas A&M,Alabama,1
Texas A&M,Col Charleston,1
Texas A&M,Clemson,1
Texas A&M,New Mexico,1
Texas A&M,Baylor,1
Texas A&M,Colgate,1
Texas A&M,Dayton,1
Texas A&M,Nevada,1
Texas A&M,Arizona,1
Texas A&M,Long Beach St,1
Texas A&M,Houston,1
Texas A&M,Longwood,0
Texas A&M,Nebraska,1
Texas A&M,Wisconsin,1
Texas A&M,James Madison,1
Texas A&M,Duke,1
Texas A&M,Vermont,1
Texas A&M,Texas Tech,1
Texas A&M,NC State,1
Texas A&M,Kentucky,1
Texas A&M,Oakland,1
Texas A&M,Florida,1
Texas A&M,Boise St,1
Texas A&M,Colorado,1
Texas A&M,Marquette,1
Texas A&M,Kentucky,1
Texas A&M,Purdue,1
Texas A&M,Montana St,1
Texas A&M,Grambling,1
Texas A&M,Utah St,1
Texas A&M,TCU,1
Texas A&M,Gonzaga,1
Texas A&M,McNeese St,1
Texas A&M,Kansas,1
Texas A&M,Samford,1
Texas A&M,South Carolina,1
Texas A&M,Oregon,1
Texas A&M,Creighton,1
Texas A&M,Akron,1
Texas A&M,Texas,1
Texas A&M,Virginia,1
Texas A&M,Colorado St,1
Texas A&M,Tennessee,1
Texas A&M,St Peter's,1
Wisconsin,Connecticut,1
Wisconsin,Stetson,1
Wisconsin,FL Atlantic,0
Wisconsin,Northwestern,1
Wisconsin,San Diego St,1
Wisconsin,UAB,1
Wisconsin,Auburn,1
Wisconsin,Yale,0
Wisconsin,BYU,1
Wisconsin,Duquesne,1
Wisconsin,Illinois,1
Wisconsin,Morehead St,1
Wisconsin,Washington St,1
Wisconsin,Drake,1
Wisconsin,Iowa St,1
Wisconsin,S Dakota St,1
Wisconsin,North Carolina,1
Wisconsin,Howard,1
Wisconsin,Wagner,1
Wisconsin,Mississippi St,1
Wisconsin,Michigan St,1
Wisconsin,St Mary's CA,0
Wisconsin,Grand Canyon,0
Wisconsin,Alabama,1
Wisconsin,Col Charleston,1
Wisconsin,Clemson,1
Wisconsin,New Mexico,1
Wisconsin,Baylor,1
Wisconsin,Colgate,1
Wisconsin,Dayton,1
Wisconsin,Nevada,1
Wisconsin,Arizona,1
Wisconsin,Long Beach St,1
Wisconsin,Houston,1
Wisconsin,Longwood,0
Wisconsin,Nebraska,1
Wisconsin,Texas A&M,0
Wisconsin,James Madison,1
Wisconsin,Duke,1
Wisconsin,Vermont,1
Wisconsin,Texas Tech,1
Wisconsin,NC State,1
Wisconsin,Kentucky,1
Wisconsin,Oakland,1
Wisconsin,Florida,1
Wisconsin,Boise St,1
Wisconsin,Colorado,1
Wisconsin,Marquette,1
Wisconsin,Kentucky,1
Wisconsin,Purdue,1
Wisconsin,Montana St,1
Wisconsin,Grambling,0
Wisconsin,Utah St,1
Wisconsin,TCU,1
Wisconsin,Gonzaga,1
Wisconsin,McNeese St,1
Wisconsin,Kansas,1
Wisconsin,Samford,1
Wisconsin,South Carolina,1
Wisconsin,Oregon,1
Wisconsin,Creighton,1
Wisconsin,Akron,1
Wisconsin,Texas,1
Wisconsin,Virginia,0
Wisconsin,Colorado St,1
Wisconsin,Tennessee,1
Wisconsin,St Peter's,1
James Madison,Connecticut,1
James Madison,Stetson,1
James Madison,FL Atlantic,1
James Madison,Northwestern,1
James Madison,San Diego St,1
James Madison,UAB,1
James Madison,Auburn,1
James Madison,Yale,1
James Madison,BYU,1
James Madison,Duquesne,1
James Madison,Illinois,1
James Madison,Morehead St,1
James Madison,Washington St,1
James Madison,Drake,1
James Madison,Iowa St,1
James Madison,S Dakota St,1
James Madison,North Carolina,1
James Madison,Howard,1
James Madison,Wagner,1
James Madison,Mississippi St,1
James Madison,Michigan St,1
James Madison,St Mary's CA,1
James Madison,Grand Canyon,0
James Madison,Alabama,1
James Madison,Col Charleston,1
James Madison,Clemson,1
James Madison,New Mexico,1
James Madison,Baylor,1
James Madison,Colgate,1
James Madison,Dayton,1
James Madison,Nevada,1
James Madison,Arizona,1
James Madison,Long Beach St,1
James Madison,Houston,1
James Madison,Longwood,1
James Madison,Nebraska,1
James Madison,Texas A&M,1
James Madison,Wisconsin,1
James Madison,Duke,1
James Madison,Vermont,1
James Madison,Texas Tech,1
James Madison,NC State,1
James Madison,Kentucky,1
James Madison,Oakland,1
James Madison,Florida,1
James Madison,Boise St,1
James Madison,Colorado,1
James Madison,Marquette,1
James Madison,Kentucky,1
James Madison,Purdue,1
James Madison,Montana St,1
James Madison,Grambling,1
James Madison,Utah St,1
James Madison,TCU,1
James Madison,Gonzaga,1
James Madison,McNeese St,1
James Madison,Kansas,1
James Madison,Samford,1
James Madison,South Carolina,1
James Madison,Oregon,1
James Madison,Creighton,1
James Madison,Akron,1
James Madison,Texas,1
James Madison,Virginia,1
James Madison,Colorado St,1
James Madison,Tennessee,1
James Madison,St Peter's,1
Duke,Connecticut,0
Duke,Stetson,0
Duke,FL Atlantic,0
Duke,Northwestern,0
Duke,San Diego St,0
Duke,UAB,0
Duke,Auburn,0
Duke,Yale,0
Duke,BYU,0
Duke,Duquesne,0
Duke,Illinois,1
Duke,Morehead St,0
Duke,Washington St,0
Duke,Drake,0
Duke,Iowa St,0
Duke,S Dakota St,0
Duke,North Carolina,0
Duke,Howard,1
Duke,Wagner,0
Duke,Mississippi St,0
Duke,Michigan St,0
Duke,St Mary's CA,0
Duke,Grand Canyon,0
Duke,Alabama,0
Duke,Col Charleston,0
Duke,Clemson,0
Duke,New Mexico,0
Duke,Baylor,0
Duke,Colgate,0
Duke,Dayton,0
Duke,Nevada,0
Duke,Arizona,0
Duke,Long Beach St,0
Duke,Houston,0
Duke,Longwood,0
Duke,Nebraska,0
Duke,Texas A&M,0
Duke,Wisconsin,0
Duke,James Madison,0
Duke,Vermont,0
Duke,Texas Tech,0
Duke,NC State,0
Duke,Kentucky,0
Duke,Oakland,0
Duke,Florida,0
Duke,Boise St,0
Duke,Colorado,0
Duke,Marquette,0
Duke,Kentucky,0
Duke,Purdue,0
Duke,Montana St,0
Duke,Grambling,0
Duke,Utah St,0
Duke,TCU,0
Duke,Gonzaga,0
Duke,McNeese St,0
Duke,Kansas,0
Duke,Samford,0
Duke,South Carolina,0
Duke,Oregon,1
Duke,Creighton,1
Duke,Akron,0
Duke,Texas,0
Duke,Virginia,0
Duke,Colorado St,0
Duke,Tennessee,0
Duke,St Peter's,0
Vermont,Connecticut,0
Vermont,Stetson,1
Vermont,FL Atlantic,0
Vermont,Northwestern,0
Vermont,San Diego St,0
Vermont,UAB,0
Vermont,Auburn,0
Vermont,Yale,0
Vermont,BYU,0
Vermont,Duquesne,0
Vermont,Illinois,1
Vermont,Morehead St,1
Vermont,Washington St,1
Vermont,Drake,0
Vermont,Iowa St,1
Vermont,S Dakota St,0
Vermont,North Carolina,0
Vermont,Howard,1
Vermont,Wagner,0
Vermont,Mississippi St,0
Vermont,Michigan St,0
Vermont,St Mary's CA,0
Vermont,Grand Canyon,0
Vermont,Alabama,0
Vermont,Col Charleston,0
Vermont,Clemson,1
Vermont,New Mexico,0
Vermont,Baylor,0
Vermont,Colgate,0
Vermont,Dayton,0
Vermont,Nevada,0
Vermont,Arizona,0
Vermont,Long Beach St,0
Vermont,Houston,0
Vermont,Longwood,0
Vermont,Nebraska,0
Vermont,Texas A&M,0
Vermont,Wisconsin,0
Vermont,James Madison,0
Vermont,Duke,0
Vermont,Texas Tech,0
Vermont,NC State,1
Vermont,Kentucky,0
Vermont,Oakland,1
Vermont,Florida,0
Vermont,Boise St,0
Vermont,Colorado,0
Vermont,Marquette,0
Vermont,Kentucky,0
Vermont,Purdue,1
Vermont,Montana St,1
Vermont,Grambling,0
Vermont,Utah St,0
Vermont,TCU,0
Vermont,Gonzaga,0
Vermont,McNeese St,0
Vermont,Kansas,0
Vermont,Samford,0
Vermont,South Carolina,0
Vermont,Oregon,1
Vermont,Creighton,1
Vermont,Akron,0
Vermont,Texas,0
Vermont,Virginia,0
Vermont,Colorado St,0
Vermont,Tennessee,1
Vermont,St Peter's,0
Texas Tech,Connecticut,1
Texas Tech,Stetson,1
Texas Tech,FL Atlantic,0
Texas Tech,Northwestern,1
Texas Tech,San Diego St,1
Texas Tech,UAB,1
Texas Tech,Auburn,1
Texas Tech,Yale,0
Texas Tech,BYU,1
Texas Tech,Duquesne,1
Texas Tech,Illinois,1
Texas Tech,Morehead St,1
Texas Tech,Washington St,1
Texas Tech,Drake,1
Texas Tech,Iowa St,1
Texas Tech,S Dakota St,1
Texas Tech,North Carolina,1
Texas Tech,Howard,1
Texas Tech,Wagner,1
Texas Tech,Mississippi St,1
Texas Tech,Michigan St,1
Texas Tech,St Mary's CA,0
Texas Tech,Grand Canyon,0
Texas Tech,Alabama,1
Texas Tech,Col Charleston,1
Texas Tech,Clemson,1
Texas Tech,New Mexico,1
Texas Tech,Baylor,1
Texas Tech,Colgate,1
Texas Tech,Dayton,1
Texas Tech,Nevada,1
Texas Tech,Arizona,1
Texas Tech,Long Beach St,1
Texas Tech,Houston,1
Texas Tech,Longwood,0
Texas Tech,Nebraska,1
Texas Tech,Texas A&M,0
Texas Tech,Wisconsin,1
Texas Tech,James Madison,1
Texas Tech,Duke,1
Texas Tech,Vermont,1
Texas Tech,NC State,1
Texas Tech,Kentucky,1
Texas Tech,Oakland,1
Texas Tech,Florida,1
Texas Tech,Boise St,1
Texas Tech,Colorado,1
Texas Tech,Marquette,1
Texas Tech,Kentucky,1
Texas Tech,Purdue,1
Texas Tech,Montana St,1
Texas Tech,Grambling,0
Texas Tech,Utah St,1
Texas Tech,TCU,1
Texas Tech,Gonzaga,1
Texas Tech,McNeese St,1
Texas Tech,Kansas,1
Texas Tech,Samford,1
Texas Tech,South Carolina,1
Texas Tech,Oregon,1
Texas Tech,Creighton,1
Texas Tech,Akron,1
Texas Tech,Texas,1
Texas Tech,Virginia,0
Texas Tech,Colorado St,1
Texas Tech,Tennessee,1
Texas Tech,St Peter's,1
NC State,Connecticut,1
NC State,Stetson,1
NC State,FL Atlantic,1
NC State,Northwestern,1
NC State,San Diego St,1
NC State,UAB,1
NC State,Auburn,1
NC State,Yale,0
NC State,BYU,1
NC State,Duquesne,1
NC State,Illinois,1
NC State,Morehead St,1
NC State,Washington St,1
NC State,Drake,1
NC State,Iowa St,1
NC State,S Dakota St,1
NC State,North Carolina,1
NC State,Howard,1
NC State,Wagner,1
NC State,Mississippi St,1
NC State,Michigan St,1
NC State,St Mary's CA,0
NC State,Grand Canyon,0
NC State,Alabama,1
NC State,Col Charleston,1
NC State,Clemson,1
NC State,New Mexico,1
NC State,Baylor,1
NC State,Colgate,1
NC State,Dayton,1
NC State,Nevada,1
NC State,Arizona,1
NC State,Long Beach St,1
NC State,Houston,1
NC State,Longwood,0
NC State,Nebraska,1
NC State,Texas A&M,1
NC State,Wisconsin,1
NC State,James Madison,1
NC State,Duke,1
NC State,Vermont,1
NC State,Texas Tech,1
NC State,Kentucky,1
NC State,Oakland,1
NC State,Florida,1
NC State,Boise St,1
NC State,Colorado,1
NC State,Marquette,1
NC State,Kentucky,1
NC State,Purdue,1
NC State,Montana St,1
NC State,Grambling,1
NC State,Utah St,1
NC State,TCU,1
NC State,Gonzaga,1
NC State,McNeese St,1
NC State,Kansas,1
NC State,Samford,1
NC State,South Carolina,1
NC State,Oregon,1
NC State,Creighton,1
NC State,Akron,1
NC State,Texas,1
NC State,Virginia,0
NC State,Colorado St,1
NC State,Tennessee,1
NC State,St Peter's,1
Kentucky,Connecticut,1
Kentucky,Stetson,1
Kentucky,FL Atlantic,1
Kentucky,Northwestern,1
Kentucky,San Diego St,1
Kentucky,UAB,1
Kentucky,Auburn,1
Kentucky,Yale,0
Kentucky,BYU,1
Kentucky,Duquesne,1
Kentucky,Illinois,1
Kentucky,Morehead St,1
Kentucky,Washington St,1
Kentucky,Drake,1
Kentucky,Iowa St,1
Kentucky,S Dakota St,1
Kentucky,North Carolina,1
Kentucky,Howard,1
Kentucky,Wagner,1
Kentucky,Mississippi St,1
Kentucky,Michigan St,1
Kentucky,St Mary's CA,0
Kentucky,Grand Canyon,0
Kentucky,Alabama,1
Kentucky,Col Charleston,1
Kentucky,Clemson,1
Kentucky,New Mexico,1
Kentucky,Baylor,1
Kentucky,Colgate,1
Kentucky,Dayton,1
Kentucky,Nevada,1
Kentucky,Arizona,1
Kentucky,Long Beach St,1
Kentucky,Houston,1
Kentucky,Longwood,0
Kentucky,Nebraska,1
Kentucky,Texas A&M,1
Kentucky,Wisconsin,1
Kentucky,James Madison,1
Kentucky,Duke,1
Kentucky,Vermont,1
Kentucky,Texas Tech,1
Kentucky,NC State,1
Kentucky,Oakland,1
Kentucky,Florida,1
Kentucky,Boise St,1
Kentucky,Colorado,1
Kentucky,Marquette,1
Kentucky,Kentucky,1
Kentucky,Purdue,1
Kentucky,Montana St,1
Kentucky,Grambling,0
Kentucky,Utah St,1
Kentucky,TCU,1
Kentucky,Gonzaga,1
Kentucky,McNeese St,1
Kentucky,Kansas,1
Kentucky,Samford,1
Kentucky,South Carolina,1
Kentucky,Oregon,1
Kentucky,Creighton,1
Kentucky,Akron,1
Kentucky,Texas,1
Kentucky,Virginia,0
Kentucky,Colorado St,1
Kentucky,Tennessee,1
Kentucky,St Peter's,1
Oakland,Connecticut,1
Oakland,Stetson,1
Oakland,FL Atlantic,0
Oakland,Northwestern,1
Oakland,San Diego St,0
Oakland,UAB,1
Oakland,Auburn,0
Oakland,Yale,0
Oakland,BYU,1
Oakland,Duquesne,1
Oakland,Illinois,1
Oakland,Morehead St,1
Oakland,Washington St,1
Oakland,Drake,1
Oakland,Iowa St,1
Oakland,S Dakota St,1
Oakland,North Carolina,1
Oakland,Howard,1
Oakland,Wagner,1
Oakland,Mississippi St,1
Oakland,Michigan St,1
Oakland,St Mary's CA,0
Oakland,Grand Canyon,0
Oakland,Alabama,1
Oakland,Col Charleston,1
Oakland,Clemson,1
Oakland,New Mexico,0
Oakland,Baylor,1
Oakland,Colgate,1
Oakland,Dayton,1
Oakland,Nevada,1
Oakland,Arizona,1
Oakland,Long Beach St,1
Oakland,Houston,0
Oakland,Longwood,0
Oakland,Nebraska,1
Oakland,Texas A&M,0
Oakland,Wisconsin,1
Oakland,James Madison,0
Oakland,Duke,1
Oakland,Vermont,0
Oakland,Texas Tech,1
Oakland,NC State,1
Oakland,Kentucky,1
Oakland,Florida,1
Oakland,Boise St,1
Oakland,Colorado,1
Oakland,Marquette,1
Oakland,Kentucky,1
Oakland,Purdue,1
Oakland,Montana St,1
Oakland,Grambling,0
Oakland,Utah St,0
Oakland,TCU,1
Oakland,Gonzaga,1
Oakland,McNeese St,1
Oakland,Kansas,1
Oakland,Samford,0
Oakland,South Carolina,1
Oakland,Oregon,1
Oakland,Creighton,1
Oakland,Akron,1
Oakland,Texas,1
Oakland,Virginia,0
Oakland,Colorado St,1
Oakland,Tennessee,1
Oakland,St Peter's,1
Florida,Connecticut,1
Florida,Stetson,1
Florida,FL Atlantic,1
Florida,Northwestern,1
Florida,San Diego St,1
Florida,UAB,1
Florida,Auburn,1
Florida,Yale,1
Florida,BYU,1
Florida,Duquesne,1
Florida,Illinois,1
Florida,Morehead St,1
Florida,Washington St,1
Florida,Drake,1
Florida,Iowa St,1
Florida,S Dakota St,1
Florida,North Carolina,1
Florida,Howard,1
Florida,Wagner,1
Florida,Mississippi St,1
Florida,Michigan St,1
Florida,St Mary's CA,1
Florida,Grand Canyon,0
Florida,Alabama,1
Florida,Col Charleston,1
Florida,Clemson,1
Florida,New Mexico,1
Florida,Baylor,1
Florida,Colgate,1
Florida,Dayton,1
Florida,Nevada,1
Florida,Arizona,1
Florida,Long Beach St,1
Florida,Houston,1
Florida,Longwood,1
Florida,Nebraska,1
Florida,Texas A&M,1
Florida,Wisconsin,1
Florida,James Madison,1
Florida,Duke,1
Florida,Vermont,1
Florida,Texas Tech,1
Florida,NC State,1
Florida,Kentucky,1
Florida,Oakland,1
Florida,Boise St,1
Florida,Colorado,1
Florida,Marquette,1
Florida,Kentucky,1
Florida,Purdue,1
Florida,Montana St,1
Florida,Grambling,1
Florida,Utah St,1
Florida,TCU,1
Florida,Gonzaga,1
Florida,McNeese St,1
Florida,Kansas,1
Florida,Samford,1
Florida,South Carolina,1
Florida,Oregon,1
Florida,Creighton,1
Florida,Akron,1
Florida,Texas,1
Florida,Virginia,1
Florida,Colorado St,1
Florida,Tennessee,1
Florida,St Peter's,1
Boise St,Connecticut,1
Boise St,Stetson,1
Boise St,FL Atlantic,0
Boise St,Northwestern,0
Boise St,San Diego St,0
Boise St,UAB,0
Boise St,Auburn,0
Boise St,Yale,0
Boise St,BYU,1
Boise St,Duquesne,1
Boise St,Illinois,1
Boise St,Morehead St,1
Boise St,Washington St,1
Boise St,Drake,1
Boise St,Iowa St,1
Boise St,S Dakota St,0
Boise St,North Carolina,1
Boise St,Howard,1
Boise St,Wagner,0
Boise St,Mississippi St,1
Boise St,Michigan St,1
Boise St,St Mary's CA,0
Boise St,Grand Canyon,0
Boise St,Alabama,0
Boise St,Col Charleston,1
Boise St,Clemson,1
Boise St,New Mexico,0
Boise St,Baylor,0
Boise St,Colgate,1
Boise St,Dayton,1
Boise St,Nevada,1
Boise St,Arizona,1
Boise St,Long Beach St,0
Boise St,Houston,0
Boise St,Longwood,0
Boise St,Nebraska,0
Boise St,Texas A&M,0
Boise St,Wisconsin,1
Boise St,James Madison,0
Boise St,Duke,0
Boise St,Vermont,0
Boise St,Texas Tech,0
Boise St,NC State,1
Boise St,Kentucky,1
Boise St,Oakland,1
Boise St,Florida,1
Boise St,Colorado,1
Boise St,Marquette,1
Boise St,Kentucky,1
Boise St,Purdue,1
Boise St,Montana St,1
Boise St,Grambling,0
Boise St,Utah St,0
Boise St,TCU,0
Boise St,Gonzaga,1
Boise St,McNeese St,1
Boise St,Kansas,1
Boise St,Samford,0
Boise St,South Carolina,1
Boise St,Oregon,1
Boise St,Creighton,1
Boise St,Akron,0
Boise St,Texas,1
Boise St,Virginia,0
Boise St,Colorado St,0
Boise St,Tennessee,1
Boise St,St Peter's,0
Colorado,Connecticut,1
Colorado,Stetson,1
Colorado,FL Atlantic,0
Colorado,Northwestern,1
Colorado,San Diego St,0
Colorado,UAB,1
Colorado,Auburn,0
Colorado,Yale,0
Colorado,BYU,1
Colorado,Duquesne,1
Colorado,Illinois,1
Colorado,Morehead St,1
Colorado,Washington St,1
Colorado,Drake,1
Colorado,Iowa St,1
Colorado,S Dakota St,1
Colorado,North Carolina,1
Colorado,Howard,1
Colorado,Wagner,1
Colorado,Mississippi St,1
Colorado,Michigan St,1
Colorado,St Mary's CA,0
Colorado,Grand Canyon,0
Colorado,Alabama,1
Colorado,Col Charleston,1
Colorado,Clemson,1
Colorado,New Mexico,1
Colorado,Baylor,1
Colorado,Colgate,1
Colorado,Dayton,1
Colorado,Nevada,1
Colorado,Arizona,1
Colorado,Long Beach St,1
Colorado,Houston,0
Colorado,Longwood,0
Colorado,Nebraska,1
Colorado,Texas A&M,0
Colorado,Wisconsin,1
Colorado,James Madison,1
Colorado,Duke,1
Colorado,Vermont,0
Colorado,Texas Tech,1
Colorado,NC State,1
Colorado,Kentucky,1
Colorado,Oakland,1
Colorado,Florida,1
Colorado,Boise St,1
Colorado,Marquette,1
Colorado,Kentucky,1
Colorado,Purdue,1
Colorado,Montana St,1
Colorado,Grambling,0
Colorado,Utah St,1
Colorado,TCU,1
Colorado,Gonzaga,1
Colorado,McNeese St,1
Colorado,Kansas,1
Colorado,Samford,0
Colorado,South Carolina,1
Colorado,Oregon,1
Colorado,Creighton,1
Colorado,Akron,1
Colorado,Texas,1
Colorado,Virginia,0
Colorado,Colorado St,1
Colorado,Tennessee,1
Colorado,St Peter's,1
Marquette,Connecticut,1
Marquette,Stetson,1
Marquette,FL Atlantic,0
Marquette,Northwestern,1
Marquette,San Diego St,0
Marquette,UAB,1
Marquette,Auburn,0
Marquette,Yale,0
Marquette,BYU,1
Marquette,Duquesne,1
Marquette,Illinois,1
Marquette,Morehead St,1
Marquette,Washington St,1
Marquette,Drake,1
Marquette,Iowa St,1
Marquette,S Dakota St,1
Marquette,North Carolina,1
Marquette,Howard,1
Marquette,Wagner,1
Marquette,Mississippi St,1
Marquette,Michigan St,1
Marquette,St Mary's CA,0
Marquette,Grand Canyon,0
Marquette,Alabama,1
Marquette,Col Charleston,1
Marquette,Clemson,1
Marquette,New Mexico,1
Marquette,Baylor,1
Marquette,Colgate,1
Marquette,Dayton,1
Marquette,Nevada,1
Marquette,Arizona,1
Marquette,Long Beach St,1
Marquette,Houston,0
Marquette,Longwood,0
Marquette,Nebraska,1
Marquette,Texas A&M,0
Marquette,Wisconsin,1
Marquette,James Madison,1
Marquette,Duke,1
Marquette,Vermont,0
Marquette,Texas Tech,1
Marquette,NC State,1
Marquette,Kentucky,1
Marquette,Oakland,1
Marquette,Florida,1
Marquette,Boise St,1
Marquette,Colorado,1
Marquette,Kentucky,1
Marquette,Purdue,1
Marquette,Montana St,1
Marquette,Grambling,0
Marquette,Utah St,0
Marquette,TCU,1
Marquette,Gonzaga,1
Marquette,McNeese St,1
Marquette,Kansas,1
Marquette,Samford,0
Marquette,South Carolina,1
Marquette,Oregon,1
Marquette,Creighton,1
Marquette,Akron,1
Marquette,Texas,1
Marquette,Virginia,0
Marquette,Colorado St,1
Marquette,Tennessee,1
Marquette,St Peter's,1
Kentucky,Connecticut,1
Kentucky,Stetson,1
Kentucky,FL Atlantic,1
Kentucky,Northwestern,1
Kentucky,San Diego St,1
Kentucky,UAB,1
Kentucky,Auburn,1
Kentucky,Yale,0
Kentucky,BYU,1
Kentucky,Duquesne,1
Kentucky,Illinois,1
Kentucky,Morehead St,1
Kentucky,Washington St,1
Kentucky,Drake,1
Kentucky,Iowa St,1
Kentucky,S Dakota St,1
Kentucky,North Carolina,1
Kentucky,Howard,1
Kentucky,Wagner,1
Kentucky,Mississippi St,1
Kentucky,Michigan St,1
Kentucky,St Mary's CA,0
Kentucky,Grand Canyon,0
Kentucky,Alabama,1
Kentucky,Col Charleston,1
Kentucky,Clemson,1
Kentucky,New Mexico,1
Kentucky,Baylor,1
Kentucky,Colgate,1
Kentucky,Dayton,1
Kentucky,Nevada,1
Kentucky,Arizona,1
Kentucky,Long Beach St,1
Kentucky,Houston,1
Kentucky,Longwood,0
Kentucky,Nebraska,1
Kentucky,Texas A&M,1
Kentucky,Wisconsin,1
Kentucky,James Madison,1
Kentucky,Duke,1
Kentucky,Vermont,1
Kentucky,Texas Tech,1
Kentucky,NC State,1
Kentucky,Kentucky,1
Kentucky,Oakland,1
Kentucky,Florida,1
Kentucky,Boise St,1
Kentucky,Colorado,1
Kentucky,Marquette,1
Kentucky,Purdue,1
Kentucky,Montana St,1
Kentucky,Grambling,0
Kentucky,Utah St,1
Kentucky,TCU,1
Kentucky,Gonzaga,1
Kentucky,McNeese St,1
Kentucky,Kansas,1
Kentucky,Samford,1
Kentucky,South Carolina,1
Kentucky,Oregon,1
Kentucky,Creighton,1
Kentucky,Akron,1
Kentucky,Texas,1
Kentucky,Virginia,0
Kentucky,Colorado St,1
Kentucky,Tennessee,1
Kentucky,St Peter's,1
Purdue,Connecticut,1
Purdue,Stetson,1
Purdue,FL Atlantic,0
Purdue,Northwestern,1
Purdue,San Diego St,0
Purdue,UAB,1
Purdue,Auburn,0
Purdue,Yale,0
Purdue,BYU,1
Purdue,Duquesne,1
Purdue,Illinois,1
Purdue,Morehead St,1
Purdue,Washington St,1
Purdue,Drake,1
Purdue,Iowa St,1
Purdue,S Dakota St,1
Purdue,North Carolina,1
Purdue,Howard,1
Purdue,Wagner,1
Purdue,Mississippi St,1
Purdue,Michigan St,1
Purdue,St Mary's CA,0
Purdue,Grand Canyon,0
Purdue,Alabama,1
Purdue,Col Charleston,1
Purdue,Clemson,1
Purdue,New Mexico,1
Purdue,Baylor,1
Purdue,Colgate,1
Purdue,Dayton,1
Purdue,Nevada,1
Purdue,Arizona,1
Purdue,Long Beach St,1
Purdue,Houston,0
Purdue,Longwood,0
Purdue,Nebraska,1
Purdue,Texas A&M,0
Purdue,Wisconsin,1
Purdue,James Madison,1
Purdue,Duke,1
Purdue,Vermont,0
Purdue,Texas Tech,1
Purdue,NC State,1
Purdue,Kentucky,1
Purdue,Oakland,1
Purdue,Florida,1
Purdue,Boise St,1
Purdue,Colorado,1
Purdue,Marquette,1
Purdue,Kentucky,1
Purdue,Montana St,1
Purdue,Grambling,0
Purdue,Utah St,0
Purdue,TCU,1
Purdue,Gonzaga,1
Purdue,McNeese St,1
Purdue,Kansas,1
Purdue,Samford,0
Purdue,South Carolina,1
Purdue,Oregon,1
Purdue,Creighton,1
Purdue,Akron,1
Purdue,Texas,1
Purdue,Virginia,0
Purdue,Colorado St,1
Purdue,Tennessee,1
Purdue,St Peter's,1
Montana St,Connecticut,1
Montana St,Stetson,1
Montana St,FL Atlantic,1
Montana St,Northwestern,1
Montana St,San Diego St,1
Montana St,UAB,1
Montana St,Auburn,1
Montana St,Yale,1
Montana St,BYU,1
Montana St,Duquesne,1
Montana St,Illinois,1
Montana St,Morehead St,1
Montana St,Washington St,1
Montana St,Drake,1
Montana St,Iowa St,1
Montana St,S Dakota St,1
Montana St,North Carolina,1
Montana St,Howard,1
Montana St,Wagner,1
Montana St,Mississippi St,1
Montana St,Michigan St,1
Montana St,St Mary's CA,1
Montana St,Grand Canyon,1
Montana St,Alabama,1
Montana St,Col Charleston,1
Montana St,Clemson,1
Montana St,New Mexico,1
Montana St,Baylor,1
Montana St,Colgate,1
Montana St,Dayton,1
Montana St,Nevada,1
Montana St,Arizona,1
Montana St,Long Beach St,1
Montana St,Houston,1
Montana St,Longwood,1
Montana St,Nebraska,1
Montana St,Texas A&M,1
Montana St,Wisconsin,1
Montana St,James Madison,1
Montana St,Duke,1
Montana St,Vermont,1
Montana St,Texas Tech,1
Montana St,NC State,1
Montana St,Kentucky,1
Montana St,Oakland,1
Montana St,Florida,1
Montana St,Boise St,1
Montana St,Colorado,1
Montana St,Marquette,1
Montana St,Kentucky,1
Montana St,Purdue,1
Montana St,Grambling,1
Montana St,Utah St,1
Montana St,TCU,1
Montana St,Gonzaga,1
Montana St,McNeese St,1
Montana St,Kansas,1
Montana St,Samford,1
Montana St,South Carolina,1
Montana St,Oregon,1
Montana St,Creighton,1
Montana St,Akron,1
Montana St,Texas,1
Montana St,Virginia,1
Montana St,Colorado St,1
Montana St,Tennessee,1
Montana St,St Peter's,1
Grambling,Connecticut,1
Grambling,Stetson,1
Grambling,FL Atlantic,1
Grambling,Northwestern,1
Grambling,San Diego St,1
Grambling,UAB,1
Grambling,Auburn,1
Grambling,Yale,1
Grambling,BYU,1
Grambling,Duquesne,1
Grambling,Illinois,1
Grambling,Morehead St,1
Grambling,Washington St,1
Grambling,Drake,1
Grambling,Iowa St,1
Grambling,S Dakota St,1
Grambling,North Carolina,1
Grambling,Howard,1
Grambling,Wagner,1
Grambling,Mississippi St,1
Grambling,Michigan St,1
Grambling,St Mary's CA,1
Grambling,Grand Canyon,1
Grambling,Alabama,1
Grambling,Col Charleston,1
Grambling,Clemson,1
Grambling,New Mexico,1
Grambling,Baylor,1
Grambling,Colgate,1
Grambling,Dayton,1
Grambling,Nevada,1
Grambling,Arizona,1
Grambling,Long Beach St,1
Grambling,Houston,1
Grambling,Longwood,1
Grambling,Nebraska,1
Grambling,Texas A&M,1
Grambling,Wisconsin,1
Grambling,James Madison,1
Grambling,Duke,1
Grambling,Vermont,1
Grambling,Texas Tech,1
Grambling,NC State,1
Grambling,Kentucky,1
Grambling,Oakland,1
Grambling,Florida,1
Grambling,Boise St,1
Grambling,Colorado,1
Grambling,Marquette,1
Grambling,Kentucky,1
Grambling,Purdue,1
Grambling,Montana St,1
Grambling,Utah St,1
Grambling,TCU,1
Grambling,Gonzaga,1
Grambling,McNeese St,1
Grambling,Kansas,1
Grambling,Samford,1
Grambling,South Carolina,1
Grambling,Oregon,1
Grambling,Creighton,1
Grambling,Akron,1
Grambling,Texas,1
Grambling,Virginia,1
Grambling,Colorado St,1
Grambling,Tennessee,1
Grambling,St Peter's,1
Utah St,Connecticut,1
Utah St,Stetson,1
Utah St,FL Atlantic,1
Utah St,Northwestern,1
Utah St,San Diego St,1
Utah St,UAB,1
Utah St,Auburn,1
Utah St,Yale,1
Utah St,BYU,1
Utah St,Duquesne,1
Utah St,Illinois,1
Utah St,Morehead St,1
Utah St,Washington St,1
Utah St,Drake,1
Utah St,Iowa St,1
Utah St,S Dakota St,1
Utah St,North Carolina,1
Utah St,Howard,1
Utah St,Wagner,1
Utah St,Mississippi St,1
Utah St,Michigan St,1
Utah St,St Mary's CA,0
Utah St,Grand Canyon,0
Utah St,Alabama,1
Utah St,Col Charleston,1
Utah St,Clemson,1
Utah St,New Mexico,1
Utah St,Baylor,1
Utah St,Colgate,1
Utah St,Dayton,1
Utah St,Nevada,1
Utah St,Arizona,1
Utah St,Long Beach St,1
Utah St,Houston,1
Utah St,Longwood,0
Utah St,Nebraska,1
Utah St,Texas A&M,1
Utah St,Wisconsin,1
Utah St,James Madison,1
Utah St,Duke,1
Utah St,Vermont,1
Utah St,Texas Tech,1
Utah St,NC State,1
Utah St,Kentucky,1
Utah St,Oakland,1
Utah St,Florida,1
Utah St,Boise St,1
Utah St,Colorado,1
Utah St,Marquette,1
Utah St,Kentucky,1
Utah St,Purdue,1
Utah St,Montana St,1
Utah St,Grambling,1
Utah St,TCU,1
Utah St,Gonzaga,1
Utah St,McNeese St,1
Utah St,Kansas,1
Utah St,Samford,1
Utah St,South Carolina,1
Utah St,Oregon,1
Utah St,Creighton,1
Utah St,Akron,1
Utah St,Texas,1
Utah St,Virginia,1
Utah St,Colorado St,1
Utah St,Tennessee,1
Utah St,St Peter's,1
TCU,Connecticut,1
TCU,Stetson,1
TCU,FL Atlantic,0
TCU,Northwestern,0
TCU,San Diego St,0
TCU,UAB,0
TCU,Auburn,0
TCU,Yale,0
TCU,BYU,0
TCU,Duquesne,0
TCU,Illinois,1
TCU,Morehead St,1
TCU,Washington St,1
TCU,Drake,0
TCU,Iowa St,1
TCU,S Dakota St,0
TCU,North Carolina,1
TCU,Howard,1
TCU,Wagner,0
TCU,Mississippi St,1
TCU,Michigan St,1
TCU,St Mary's CA,0
TCU,Grand Canyon,0
TCU,Alabama,0
TCU,Col Charleston,1
TCU,Clemson,1
TCU,New Mexico,0
TCU,Baylor,0
TCU,Colgate,1
TCU,Dayton,1
TCU,Nevada,1
TCU,Arizona,1
TCU,Long Beach St,0
TCU,Houston,0
TCU,Longwood,0
TCU,Nebraska,0
TCU,Texas A&M,0
TCU,Wisconsin,1
TCU,James Madison,0
TCU,Duke,0
TCU,Vermont,0
TCU,Texas Tech,0
TCU,NC State,1
TCU,Kentucky,1
TCU,Oakland,1
TCU,Florida,1
TCU,Boise St,0
TCU,Colorado,1
TCU,Marquette,1
TCU,Kentucky,1
TCU,Purdue,1
TCU,Montana St,1
TCU,Grambling,0
TCU,Utah St,0
TCU,Gonzaga,1
TCU,McNeese St,1
TCU,Kansas,0
TCU,Samford,0
TCU,South Carolina,0
TCU,Oregon,1
TCU,Creighton,1
TCU,Akron,0
TCU,Texas,1
TCU,Virginia,0
TCU,Colorado St,0
TCU,Tennessee,1
TCU,St Peter's,0
Gonzaga,Connecticut,0
Gonzaga,Stetson,1
Gonzaga,FL Atlantic,0
Gonzaga,Northwestern,0
Gonzaga,San Diego St,0
Gonzaga,UAB,0
Gonzaga,Auburn,0
Gonzaga,Yale,0
Gonzaga,BYU,0
Gonzaga,Duquesne,0
Gonzaga,Illinois,1
Gonzaga,Morehead St,1
Gonzaga,Washington St,1
Gonzaga,Drake,0
Gonzaga,Iowa St,1
Gonzaga,S Dakota St,0
Gonzaga,North Carolina,0
Gonzaga,Howard,1
Gonzaga,Wagner,0
Gonzaga,Mississippi St,0
Gonzaga,Michigan St,0
Gonzaga,St Mary's CA,0
Gonzaga,Grand Canyon,0
Gonzaga,Alabama,0
Gonzaga,Col Charleston,0
Gonzaga,Clemson,1
Gonzaga,New Mexico,0
Gonzaga,Baylor,0
Gonzaga,Colgate,0
Gonzaga,Dayton,0
Gonzaga,Nevada,0
Gonzaga,Arizona,0
Gonzaga,Long Beach St,0
Gonzaga,Houston,0
Gonzaga,Longwood,0
Gonzaga,Nebraska,0
Gonzaga,Texas A&M,0
Gonzaga,Wisconsin,0
Gonzaga,James Madison,0
Gonzaga,Duke,0
Gonzaga,Vermont,0
Gonzaga,Texas Tech,0
Gonzaga,NC State,1
Gonzaga,Kentucky,0
Gonzaga,Oakland,1
Gonzaga,Florida,0
Gonzaga,Boise St,0
Gonzaga,Colorado,0
Gonzaga,Marquette,0
Gonzaga,Kentucky,0
Gonzaga,Purdue,1
Gonzaga,Montana St,1
Gonzaga,Grambling,0
Gonzaga,Utah St,0
Gonzaga,TCU,0
Gonzaga,McNeese St,0
Gonzaga,Kansas,0
Gonzaga,Samford,0
Gonzaga,South Carolina,0
Gonzaga,Oregon,1
Gonzaga,Creighton,1
Gonzaga,Akron,0
Gonzaga,Texas,0
Gonzaga,Virginia,0
Gonzaga,Colorado St,0
Gonzaga,Tennessee,1
Gonzaga,St Peter's,0
McNeese St,Connecticut,1
McNeese St,Stetson,1
McNeese St,FL Atlantic,1
McNeese St,Northwestern,1
McNeese St,San Diego St,1
McNeese St,UAB,1
McNeese St,Auburn,1
McNeese St,Yale,1
McNeese St,BYU,1
McNeese St,Duquesne,1
McNeese St,Illinois,1
McNeese St,Morehead St,1
McNeese St,Washington St,1
McNeese St,Drake,1
McNeese St,Iowa St,1
McNeese St,S Dakota St,1
McNeese St,North Carolina,1
McNeese St,Howard,1
McNeese St,Wagner,1
McNeese St,Mississippi St,1
McNeese St,Michigan St,1
McNeese St,St Mary's CA,1
McNeese St,Grand Canyon,0
McNeese St,Alabama,1
McNeese St,Col Charleston,1
McNeese St,Clemson,1
McNeese St,New Mexico,1
McNeese St,Baylor,1
McNeese St,Colgate,1
McNeese St,Dayton,1
McNeese St,Nevada,1
McNeese St,Arizona,1
McNeese St,Long Beach St,1
McNeese St,Houston,1
McNeese St,Longwood,1
McNeese St,Nebraska,1
McNeese St,Texas A&M,1
McNeese St,Wisconsin,1
McNeese St,James Madison,1
McNeese St,Duke,1
McNeese St,Vermont,1
McNeese St,Texas Tech,1
McNeese St,NC State,1
McNeese St,Kentucky,1
McNeese St,Oakland,1
McNeese St,Florida,1
McNeese St,Boise St,1
McNeese St,Colorado,1
McNeese St,Marquette,1
McNeese St,Kentucky,1
McNeese St,Purdue,1
McNeese St,Montana St,1
McNeese St,Grambling,1
McNeese St,Utah St,1
McNeese St,TCU,1
McNeese St,Gonzaga,1
McNeese St,Kansas,1
McNeese St,Samford,1
McNeese St,South Carolina,1
McNeese St,Oregon,1
McNeese St,Creighton,1
McNeese St,Akron,1
McNeese St,Texas,1
McNeese St,Virginia,1
McNeese St,Colorado St,1
McNeese St,Tennessee,1
McNeese St,St Peter's,1
Kansas,Connecticut,0
Kansas,Stetson,1
Kansas,FL Atlantic,0
Kansas,Northwestern,0
Kansas,San Diego St,0
Kansas,UAB,0
Kansas,Auburn,0
Kansas,Yale,0
Kansas,BYU,0
Kansas,Duquesne,0
Kansas,Illinois,1
Kansas,Morehead St,0
Kansas,Washington St,0
Kansas,Drake,0
Kansas,Iowa St,0
Kansas,S Dakota St,0
Kansas,North Carolina,0
Kansas,Howard,1
Kansas,Wagner,0
Kansas,Mississippi St,0
Kansas,Michigan St,0
Kansas,St Mary's CA,0
Kansas,Grand Canyon,0
Kansas,Alabama,0
Kansas,Col Charleston,0
Kansas,Clemson,0
Kansas,New Mexico,0
Kansas,Baylor,0
Kansas,Colgate,0
Kansas,Dayton,0
Kansas,Nevada,0
Kansas,Arizona,0
Kansas,Long Beach St,0
Kansas,Houston,0
Kansas,Longwood,0
Kansas,Nebraska,0
Kansas,Texas A&M,0
Kansas,Wisconsin,0
Kansas,James Madison,0
Kansas,Duke,0
Kansas,Vermont,0
Kansas,Texas Tech,0
Kansas,NC State,1
Kansas,Kentucky,0
Kansas,Oakland,0
Kansas,Florida,0
Kansas,Boise St,0
Kansas,Colorado,0
Kansas,Marquette,0
Kansas,Kentucky,0
Kansas,Purdue,1
Kansas,Montana St,1
Kansas,Grambling,0
Kansas,Utah St,0
Kansas,TCU,0
Kansas,Gonzaga,0
Kansas,McNeese St,0
Kansas,Samford,0
Kansas,South Carolina,0
Kansas,Oregon,1
Kansas,Creighton,1
Kansas,Akron,0
Kansas,Texas,0
Kansas,Virginia,0
Kansas,Colorado St,0
Kansas,Tennessee,1
Kansas,St Peter's,0
Samford,Connecticut,1
Samford,Stetson,1
Samford,FL Atlantic,1
Samford,Northwestern,1
Samford,San Diego St,1
Samford,UAB,1
Samford,Auburn,1
Samford,Yale,1
Samford,BYU,1
Samford,Duquesne,1
Samford,Illinois,1
Samford,Morehead St,1
Samford,Washington St,1
Samford,Drake,1
Samford,Iowa St,1
Samford,S Dakota St,1
Samford,North Carolina,1
Samford,Howard,1
Samford,Wagner,1
Samford,Mississippi St,1
Samford,Michigan St,1
Samford,St Mary's CA,1
Samford,Grand Canyon,0
Samford,Alabama,1
Samford,Col Charleston,1
Samford,Clemson,1
Samford,New Mexico,1
Samford,Baylor,1
Samford,Colgate,1
Samford,Dayton,1
Samford,Nevada,1
Samford,Arizona,1
Samford,Long Beach St,1
Samford,Houston,1
Samford,Longwood,1
Samford,Nebraska,1
Samford,Texas A&M,1
Samford,Wisconsin,1
Samford,James Madison,1
Samford,Duke,1
Samford,Vermont,1
Samford,Texas Tech,1
Samford,NC State,1
Samford,Kentucky,1
Samford,Oakland,1
Samford,Florida,1
Samford,Boise St,1
Samford,Colorado,1
Samford,Marquette,1
Samford,Kentucky,1
Samford,Purdue,1
Samford,Montana St,1
Samford,Grambling,1
Samford,Utah St,1
Samford,TCU,1
Samford,Gonzaga,1
Samford,McNeese St,1
Samford,Kansas,1
Samford,South Carolina,1
Samford,Oregon,1
Samford,Creighton,1
Samford,Akron,1
Samford,Texas,1
Samford,Virginia,1
Samford,Colorado St,1
Samford,Tennessee,1
Samford,St Peter's,1
South Carolina,Connecticut,1
South Carolina,Stetson,1
South Carolina,FL Atlantic,0
South Carolina,Northwestern,0
South Carolina,San Diego St,0
South Carolina,UAB,0
South Carolina,Auburn,0
South Carolina,Yale,0
South Carolina,BYU,1
South Carolina,Duquesne,1
South Carolina,Illinois,1
South Carolina,Morehead St,1
South Carolina,Washington St,1
South Carolina,Drake,1
South Carolina,Iowa St,1
South Carolina,S Dakota St,0
South Carolina,North Carolina,1
South Carolina,Howard,1
South Carolina,Wagner,0
South Carolina,Mississippi St,1
South Carolina,Michigan St,1
South Carolina,St Mary's CA,0
South Carolina,Grand Canyon,0
South Carolina,Alabama,0
South Carolina,Col Charleston,1
South Carolina,Clemson,1
South Carolina,New Mexico,0
South Carolina,Baylor,0
South Carolina,Colgate,1
South Carolina,Dayton,1
South Carolina,Nevada,1
South Carolina,Arizona,1
South Carolina,Long Beach St,0
South Carolina,Houston,0
South Carolina,Longwood,0
South Carolina,Nebraska,0
South Carolina,Texas A&M,0
South Carolina,Wisconsin,1
South Carolina,James Madison,0
South Carolina,Duke,0
South Carolina,Vermont,0
South Carolina,Texas Tech,0
South Carolina,NC State,1
South Carolina,Kentucky,1
South Carolina,Oakland,1
South Carolina,Florida,1
South Carolina,Boise St,0
South Carolina,Colorado,1
South Carolina,Marquette,1
South Carolina,Kentucky,1
South Carolina,Purdue,1
South Carolina,Montana St,1
South Carolina,Grambling,0
South Carolina,Utah St,0
South Carolina,TCU,0
South Carolina,Gonzaga,1
South Carolina,McNeese St,1
South Carolina,Kansas,1
South Carolina,Samford,0
South Carolina,Oregon,1
South Carolina,Creighton,1
South Carolina,Akron,0
South Carolina,Texas,1
South Carolina,Virginia,0
South Carolina,Colorado St,0
South Carolina,Tennessee,1
South Carolina,St Peter's,0
Oregon,Connecticut,1
Oregon,Stetson,1
Oregon,FL Atlantic,1
Oregon,Northwestern,1
Oregon,San Diego St,1
Oregon,UAB,1
Oregon,Auburn,1
Oregon,Yale,0
Oregon,BYU,1
Oregon,Duquesne,1
Oregon,Illinois,1
Oregon,Morehead St,1
Oregon,Washington St,1
Oregon,Drake,1
Oregon,Iowa St,1
Oregon,S Dakota St,1
Oregon,North Carolina,1
Oregon,Howard,1
Oregon,Wagner,1
Oregon,Mississippi St,1
Oregon,Michigan St,1
Oregon,St Mary's CA,0
Oregon,Grand Canyon,0
Oregon,Alabama,1
Oregon,Col Charleston,1
Oregon,Clemson,1
Oregon,New Mexico,1
Oregon,Baylor,1
Oregon,Colgate,1
Oregon,Dayton,1
Oregon,Nevada,1
Oregon,Arizona,1
Oregon,Long Beach St,1
Oregon,Houston,1
Oregon,Longwood,0
Oregon,Nebraska,1
Oregon,Texas A&M,0
Oregon,Wisconsin,1
Oregon,James Madison,1
Oregon,Duke,1
Oregon,Vermont,1
Oregon,Texas Tech,1
Oregon,NC State,1
Oregon,Kentucky,1
Oregon,Oakland,1
Oregon,Florida,1
Oregon,Boise St,1
Oregon,Colorado,1
Oregon,Marquette,1
Oregon,Kentucky,1
Oregon,Purdue,1
Oregon,Montana St,1
Oregon,Grambling,1
Oregon,Utah St,1
Oregon,TCU,1
Oregon,Gonzaga,1
Oregon,McNeese St,1
Oregon,Kansas,1
Oregon,Samford,1
Oregon,South Carolina,1
Oregon,Creighton,1
Oregon,Akron,1
Oregon,Texas,1
Oregon,Virginia,0
Oregon,Colorado St,1
Oregon,Tennessee,1
Oregon,St Peter's,1
Creighton,Connecticut,1
Creighton,Stetson,1
Creighton,FL Atlantic,0
Creighton,Northwestern,0
Creighton,San Diego St,0
Creighton,UAB,0
Creighton,Auburn,0
Creighton,Yale,0
Creighton,BYU,0
Creighton,Duquesne,0
Creighton,Illinois,1
Creighton,Morehead St,1
Creighton,Washington St,1
Creighton,Drake,0
Creighton,Iowa St,1
Creighton,S Dakota St,0
Creighton,North Carolina,1
Creighton,Howard,1
Creighton,Wagner,0
Creighton,Mississippi St,0
Creighton,Michigan St,1
Creighton,St Mary's CA,0
Creighton,Grand Canyon,0
Creighton,Alabama,0
Creighton,Col Charleston,1
Creighton,Clemson,1
Creighton,New Mexico,0
Creighton,Baylor,0
Creighton,Colgate,0
Creighton,Dayton,0
Creighton,Nevada,0
Creighton,Arizona,0
Creighton,Long Beach St,0
Creighton,Houston,0
Creighton,Longwood,0
Creighton,Nebraska,0
Creighton,Texas A&M,0
Creighton,Wisconsin,1
Creighton,James Madison,0
Creighton,Duke,0
Creighton,Vermont,0
Creighton,Texas Tech,0
Creighton,NC State,1
Creighton,Kentucky,1
Creighton,Oakland,1
Creighton,Florida,0
Creighton,Boise St,0
Creighton,Colorado,0
Creighton,Marquette,0
Creighton,Kentucky,1
Creighton,Purdue,1
Creighton,Montana St,1
Creighton,Grambling,0
Creighton,Utah St,0
Creighton,TCU,0
Creighton,Gonzaga,1
Creighton,McNeese St,1
Creighton,Kansas,0
Creighton,Samford,0
Creighton,South Carolina,0
Creighton,Oregon,1
Creighton,Akron,0
Creighton,Texas,1
Creighton,Virginia,0
Creighton,Colorado St,0
Creighton,Tennessee,1
Creighton,St Peter's,0
Akron,Connecticut,1
Akron,Stetson,1
Akron,FL Atlantic,0
Akron,Northwestern,1
Akron,San Diego St,0
Akron,UAB,1
Akron,Auburn,0
Akron,Yale,0
Akron,BYU,1
Akron,Duquesne,1
Akron,Illinois,1
Akron,Morehead St,1
Akron,Washington St,1
Akron,Drake,1
Akron,Iowa St,1
Akron,S Dakota St,1
Akron,North Carolina,1
Akron,Howard,1
Akron,Wagner,1
Akron,Mississippi St,1
Akron,Michigan St,1
Akron,St Mary's CA,0
Akron,Grand Canyon,0
Akron,Alabama,1
Akron,Col Charleston,1
Akron,Clemson,1
Akron,New Mexico,1
Akron,Baylor,1
Akron,Colgate,1
Akron,Dayton,1
Akron,Nevada,1
Akron,Arizona,1
Akron,Long Beach St,1
Akron,Houston,0
Akron,Longwood,0
Akron,Nebraska,1
Akron,Texas A&M,0
Akron,Wisconsin,1
Akron,James Madison,1
Akron,Duke,1
Akron,Vermont,0
Akron,Texas Tech,1
Akron,NC State,1
Akron,Kentucky,1
Akron,Oakland,1
Akron,Florida,1
Akron,Boise St,1
Akron,Colorado,1
Akron,Marquette,1
Akron,Kentucky,1
Akron,Purdue,1
Akron,Montana St,1
Akron,Grambling,0
Akron,Utah St,0
Akron,TCU,1
Akron,Gonzaga,1
Akron,McNeese St,1
Akron,Kansas,1
Akron,Samford,0
Akron,South Carolina,1
Akron,Oregon,1
Akron,Creighton,1
Akron,Texas,1
Akron,Virginia,0
Akron,Colorado St,1
Akron,Tennessee,1
Akron,St Peter's,1
Texas,Connecticut,1
Texas,Stetson,1
Texas,FL Atlantic,0
Texas,Northwestern,1
Texas,San Diego St,0
Texas,UAB,1
Texas,Auburn,0
Texas,Yale,0
Texas,BYU,1
Texas,Duquesne,1
Texas,Illinois,1
Texas,Morehead St,1
Texas,Washington St,1
Texas,Drake,1
Texas,Iowa St,1
Texas,S Dakota St,1
Texas,North Carolina,1
Texas,Howard,1
Texas,Wagner,1
Texas,Mississippi St,1
Texas,Michigan St,1
Texas,St Mary's CA,0
Texas,Grand Canyon,0
Texas,Alabama,1
Texas,Col Charleston,1
Texas,Clemson,1
Texas,New Mexico,1
Texas,Baylor,1
Texas,Colgate,1
Texas,Dayton,1
Texas,Nevada,1
Texas,Arizona,1
Texas,Long Beach St,1
Texas,Houston,0
Texas,Longwood,0
Texas,Nebraska,1
Texas,Texas A&M,0
Texas,Wisconsin,1
Texas,James Madison,1
Texas,Duke,1
Texas,Vermont,0
Texas,Texas Tech,1
Texas,NC State,1
Texas,Kentucky,1
Texas,Oakland,1
Texas,Florida,1
Texas,Boise St,1
Texas,Colorado,1
Texas,Marquette,1
Texas,Kentucky,1
Texas,Purdue,1
Texas,Montana St,1
Texas,Grambling,0
Texas,Utah St,1
Texas,TCU,1
Texas,Gonzaga,1
Texas,McNeese St,1
Texas,Kansas,1
Texas,Samford,0
Texas,South Carolina,1
Texas,Oregon,1
Texas,Creighton,1
Texas,Akron,1
Texas,Virginia,0
Texas,Colorado St,1
Texas,Tennessee,1
Texas,St Peter's,1
Virginia,Connecticut,1
Virginia,Stetson,1
Virginia,FL Atlantic,0
Virginia,Northwestern,1
Virginia,San Diego St,0
Virginia,UAB,1
Virginia,Auburn,0
Virginia,Yale,0
Virginia,BYU,1
Virginia,Duquesne,1
Virginia,Illinois,1
Virginia,Morehead St,1
Virginia,Washington St,1
Virginia,Drake,1
Virginia,Iowa St,1
Virginia,S Dakota St,1
Virginia,North Carolina,1
Virginia,Howard,1
Virginia,Wagner,1
Virginia,Mississippi St,1
Virginia,Michigan St,1
Virginia,St Mary's CA,0
Virginia,Grand Canyon,0
Virginia,Alabama,1
Virginia,Col Charleston,1
Virginia,Clemson,1
Virginia,New Mexico,1
Virginia,Baylor,1
Virginia,Colgate,1
Virginia,Dayton,1
Virginia,Nevada,1
Virginia,Arizona,1
Virginia,Long Beach St,1
Virginia,Houston,0
Virginia,Longwood,0
Virginia,Nebraska,1
Virginia,Texas A&M,0
Virginia,Wisconsin,1
Virginia,James Madison,1
Virginia,Duke,1
Virginia,Vermont,0
Virginia,Texas Tech,1
Virginia,NC State,1
Virginia,Kentucky,1
Virginia,Oakland,1
Virginia,Florida,1
Virginia,Boise St,1
Virginia,Colorado,1
Virginia,Marquette,1
Virginia,Kentucky,1
Virginia,Purdue,1
Virginia,Montana St,1
Virginia,Grambling,0
Virginia,Utah St,1
Virginia,TCU,1
Virginia,Gonzaga,1
Virginia,McNeese St,1
Virginia,Kansas,1
Virginia,Samford,1
Virginia,South Carolina,1
Virginia,Oregon,1
Virginia,Creighton,1
Virginia,Akron,1
Virginia,Texas,1
Virginia,Colorado St,1
Virginia,Tennessee,1
Virginia,St Peter's,1
Colorado St,Connecticut,0
Colorado St,Stetson,1
Colorado St,FL Atlantic,0
Colorado St,Northwestern,0
Colorado St,San Diego St,0
Colorado St,UAB,0
Colorado St,Auburn,0
Colorado St,Yale,0
Colorado St,BYU,0
Colorado St,Duquesne,0
Colorado St,Illinois,1
Colorado St,Morehead St,0
Colorado St,Washington St,0
Colorado St,Drake,0
Colorado St,Iowa St,0
Colorado St,S Dakota St,0
Colorado St,North Carolina,0
Colorado St,Howard,1
Colorado St,Wagner,0
Colorado St,Mississippi St,0
Colorado St,Michigan St,0
Colorado St,St Mary's CA,0
Colorado St,Grand Canyon,0
Colorado St,Alabama,0
Colorado St,Col Charleston,0
Colorado St,Clemson,0
Colorado St,New Mexico,0
Colorado St,Baylor,0
Colorado St,Colgate,0
Colorado St,Dayton,0
Colorado St,Nevada,0
Colorado St,Arizona,0
Colorado St,Long Beach St,0
Colorado St,Houston,0
Colorado St,Longwood,0
Colorado St,Nebraska,0
Colorado St,Texas A&M,0
Colorado St,Wisconsin,0
Colorado St,James Madison,0
Colorado St,Duke,0
Colorado St,Vermont,0
Colorado St,Texas Tech,0
Colorado St,NC State,1
Colorado St,Kentucky,0
Colorado St,Oakland,0
Colorado St,Florida,0
Colorado St,Boise St,0
Colorado St,Colorado,0
Colorado St,Marquette,0
Colorado St,Kentucky,0
Colorado St,Purdue,1
Colorado St,Montana St,1
Colorado St,Grambling,0
Colorado St,Utah St,0
Colorado St,TCU,0
Colorado St,Gonzaga,0
Colorado St,McNeese St,0
Colorado St,Kansas,0
Colorado St,Samford,0
Colorado St,South Carolina,0
Colorado St,Oregon,1
Colorado St,Creighton,1
Colorado St,Akron,0
Colorado St,Texas,0
Colorado St,Virginia,0
Colorado St,Tennessee,1
Colorado St,St Peter's,0
Tennessee,Connecticut,1
Tennessee,Stetson,1
Tennessee,FL Atlantic,0
Tennessee,Northwestern,1
Tennessee,San Diego St,0
Tennessee,UAB,1
Tennessee,Auburn,0
Tennessee,Yale,0
Tennessee,BYU,1
Tennessee,Duquesne,1
Tennessee,Illinois,1
Tennessee,Morehead St,1
Tennessee,Washington St,1
Tennessee,Drake,1
Tennessee,Iowa St,1
Tennessee,S Dakota St,1
Tennessee,North Carolina,1
Tennessee,Howard,1
Tennessee,Wagner,1
Tennessee,Mississippi St,1
Tennessee,Michigan St,1
Tennessee,St Mary's CA,0
Tennessee,Grand Canyon,0
Tennessee,Alabama,1
Tennessee,Col Charleston,1
Tennessee,Clemson,1
Tennessee,New Mexico,0
Tennessee,Baylor,1
Tennessee,Colgate,1
Tennessee,Dayton,1
Tennessee,Nevada,1
Tennessee,Arizona,1
Tennessee,Long Beach St,1
Tennessee,Houston,0
Tennessee,Longwood,0
Tennessee,Nebraska,1
Tennessee,Texas A&M,0
Tennessee,Wisconsin,1
Tennessee,James Madison,0
Tennessee,Duke,1
Tennessee,Vermont,0
Tennessee,Texas Tech,1
Tennessee,NC State,1
Tennessee,Kentucky,1
Tennessee,Oakland,1
Tennessee,Florida,1
Tennessee,Boise St,1
Tennessee,Colorado,1
Tennessee,Marquette,1
Tennessee,Kentucky,1
Tennessee,Purdue,1
Tennessee,Montana St,1
Tennessee,Grambling,0
Tennessee,Utah St,0
Tennessee,TCU,1
Tennessee,Gonzaga,1
Tennessee,McNeese St,1
Tennessee,Kansas,1
Tennessee,Samford,0
Tennessee,South Carolina,1
Tennessee,Oregon,1
Tennessee,Creighton,1
Tennessee,Akron,1
Tennessee,Texas,1
Tennessee,Virginia,0
Tennessee,Colorado St,1
Tennessee,St Peter's,0
St Peter's,Connecticut,1
St Peter's,Stetson,1
St Peter's,FL Atlantic,1
St Peter's,Northwestern,1
St Peter's,San Diego St,1
St Peter's,UAB,1
St Peter's,Auburn,1
St Peter's,Yale,1
St Peter's,BYU,1
St Peter's,Duquesne,1
St Peter's,Illinois,1
St Peter's,Morehead St,1
St Peter's,Washington St,1
St Peter's,Drake,1
St Peter's,Iowa St,1
St Peter's,S Dakota St,1
St Peter's,North Carolina,1
St Peter's,Howard,1
St Peter's,Wagner,1
St Peter's,Mississippi St,1
St Peter's,Michigan St,1
St Peter's,St Mary's CA,1
St Peter's,Grand Canyon,1
St Peter's,Alabama,1
St Peter's,Col Charleston,1
St Peter's,Clemson,1
St Peter's,New Mexico,1
St Peter's,Baylor,1
St Peter's,Colgate,1
St Peter's,Dayton,1
St Peter's,Nevada,1
St Peter's,Arizona,1
St Peter's,Long Beach St,1
St Peter's,Houston,1
St Peter's,Longwood,1
St Peter's,Nebraska,1
St Peter's,Texas A&M,1
St Peter's,Wisconsin,1
St Peter's,James Madison,1
St Peter's,Duke,1
St Peter's,Vermont,1
St Peter's,Texas Tech,1
St Peter's,NC State,1
St Peter's,Kentucky,1
St Peter's,Oakland,1
St Peter's,Florida,1
St Peter's,Boise St,1
St Peter's,Colorado,1
St Peter's,Marquette,1
St Peter's,Kentucky,1
St Peter's,Purdue,1
St Peter's,Montana St,1
St Peter's,Grambling,1
St Peter's,Utah St,1
St Peter's,TCU,1
St Peter's,Gonzaga,1
St Peter's,McNeese St,1
St Peter's,Kansas,1
St Peter's,Samford,1
St Peter's,South Carolina,1
St Peter's,Oregon,1
St Peter's,Creighton,1
St Peter's,Akron,1
St Peter's,Texas,1
St Peter's,Virginia,1
St Peter's,Colorado St,1
St Peter's,Tennessee,1
